-- phpMyAdmin SQL Dump
-- version 3.4.5
-- http://www.phpmyadmin.net
--
-- Client: localhost
-- Généré le : Jeu 09 Février 2012 à 18:38
-- Version du serveur: 5.5.16
-- Version de PHP: 5.3.8

SET SQL_MODE="NO_AUTO_VALUE_ON_ZERO";
SET time_zone = "+00:00";


/*!40101 SET @OLD_CHARACTER_SET_CLIENT=@@CHARACTER_SET_CLIENT */;
/*!40101 SET @OLD_CHARACTER_SET_RESULTS=@@CHARACTER_SET_RESULTS */;
/*!40101 SET @OLD_COLLATION_CONNECTION=@@COLLATION_CONNECTION */;
/*!40101 SET NAMES utf8 */;

--
-- Base de données: `web_interface`
--

-- --------------------------------------------------------

--
-- Structure de la table `jos_archidash_archies`
--

CREATE TABLE IF NOT EXISTS `jos_archidash_archies` (
  `id` int(11) unsigned NOT NULL AUTO_INCREMENT,
  `moduleid` int(11) unsigned NOT NULL,
  `dashboardid` int(11) unsigned NOT NULL,
  PRIMARY KEY (`id`)
) ENGINE=InnoDB DEFAULT CHARSET=utf8 COLLATE=utf8_unicode_ci AUTO_INCREMENT=1 ;

-- --------------------------------------------------------

--
-- Structure de la table `jos_archidash_articles`
--

CREATE TABLE IF NOT EXISTS `jos_archidash_articles` (
  `id` int(11) unsigned NOT NULL AUTO_INCREMENT,
  `articleid` int(11) unsigned NOT NULL,
  `dashboardid` int(11) unsigned NOT NULL,
  PRIMARY KEY (`id`)
) ENGINE=InnoDB DEFAULT CHARSET=utf8 COLLATE=utf8_unicode_ci AUTO_INCREMENT=1 ;

-- --------------------------------------------------------

--
-- Structure de la table `jos_archidash_calendar`
--

CREATE TABLE IF NOT EXISTS `jos_archidash_calendar` (
  `field` datetime NOT NULL DEFAULT '0000-00-00 00:00:00',
  PRIMARY KEY (`field`)
) ENGINE=InnoDB DEFAULT CHARSET=utf8 COLLATE=utf8_unicode_ci;

--
-- Contenu de la table `jos_archidash_calendar`
--

INSERT INTO `jos_archidash_calendar` (`field`) VALUES
('2011-01-01 00:00:00'),
('2011-01-02 00:00:00'),
('2011-01-03 00:00:00'),
('2011-01-04 00:00:00'),
('2011-01-05 00:00:00'),
('2011-01-06 00:00:00'),
('2011-01-07 00:00:00'),
('2011-01-08 00:00:00'),
('2011-01-09 00:00:00'),
('2011-01-10 00:00:00'),
('2011-01-11 00:00:00'),
('2011-01-12 00:00:00'),
('2011-01-13 00:00:00'),
('2011-01-14 00:00:00'),
('2011-01-15 00:00:00'),
('2011-01-16 00:00:00'),
('2011-01-17 00:00:00'),
('2011-01-18 00:00:00'),
('2011-01-19 00:00:00'),
('2011-01-20 00:00:00'),
('2011-01-21 00:00:00'),
('2011-01-22 00:00:00'),
('2011-01-23 00:00:00'),
('2011-01-24 00:00:00'),
('2011-01-25 00:00:00'),
('2011-01-26 00:00:00'),
('2011-01-27 00:00:00'),
('2011-01-28 00:00:00'),
('2011-01-29 00:00:00'),
('2011-01-30 00:00:00'),
('2011-01-31 00:00:00'),
('2011-02-01 00:00:00'),
('2011-02-02 00:00:00'),
('2011-02-03 00:00:00'),
('2011-02-04 00:00:00'),
('2011-02-05 00:00:00'),
('2011-02-06 00:00:00'),
('2011-02-07 00:00:00'),
('2011-02-08 00:00:00'),
('2011-02-09 00:00:00'),
('2011-02-10 00:00:00'),
('2011-02-11 00:00:00'),
('2011-02-12 00:00:00'),
('2011-02-13 00:00:00'),
('2011-02-14 00:00:00'),
('2011-02-15 00:00:00'),
('2011-02-16 00:00:00'),
('2011-02-17 00:00:00'),
('2011-02-18 00:00:00'),
('2011-02-19 00:00:00'),
('2011-02-20 00:00:00'),
('2011-02-21 00:00:00'),
('2011-02-22 00:00:00'),
('2011-02-23 00:00:00'),
('2011-02-24 00:00:00'),
('2011-02-25 00:00:00'),
('2011-02-26 00:00:00'),
('2011-02-27 00:00:00'),
('2011-02-28 00:00:00'),
('2011-03-01 00:00:00'),
('2011-03-02 00:00:00'),
('2011-03-03 00:00:00'),
('2011-03-04 00:00:00'),
('2011-03-05 00:00:00'),
('2011-03-06 00:00:00'),
('2011-03-07 00:00:00'),
('2011-03-08 00:00:00'),
('2011-03-09 00:00:00'),
('2011-03-10 00:00:00'),
('2011-03-11 00:00:00'),
('2011-03-12 00:00:00'),
('2011-03-13 00:00:00'),
('2011-03-14 00:00:00'),
('2011-03-15 00:00:00'),
('2011-03-16 00:00:00'),
('2011-03-17 00:00:00'),
('2011-03-18 00:00:00'),
('2011-03-19 00:00:00'),
('2011-03-20 00:00:00'),
('2011-03-21 00:00:00'),
('2011-03-22 00:00:00'),
('2011-03-23 00:00:00'),
('2011-03-24 00:00:00'),
('2011-03-25 00:00:00'),
('2011-03-26 00:00:00'),
('2011-03-27 00:00:00'),
('2011-03-28 00:00:00'),
('2011-03-29 00:00:00'),
('2011-03-30 00:00:00'),
('2011-03-31 00:00:00'),
('2011-04-01 00:00:00'),
('2011-04-02 00:00:00'),
('2011-04-03 00:00:00'),
('2011-04-04 00:00:00'),
('2011-04-05 00:00:00'),
('2011-04-06 00:00:00'),
('2011-04-07 00:00:00'),
('2011-04-08 00:00:00'),
('2011-04-09 00:00:00'),
('2011-04-10 00:00:00'),
('2011-04-11 00:00:00'),
('2011-04-12 00:00:00'),
('2011-04-13 00:00:00'),
('2011-04-14 00:00:00'),
('2011-04-15 00:00:00'),
('2011-04-16 00:00:00'),
('2011-04-17 00:00:00'),
('2011-04-18 00:00:00'),
('2011-04-19 00:00:00'),
('2011-04-20 00:00:00'),
('2011-04-21 00:00:00'),
('2011-04-22 00:00:00'),
('2011-04-23 00:00:00'),
('2011-04-24 00:00:00'),
('2011-04-25 00:00:00'),
('2011-04-26 00:00:00'),
('2011-04-27 00:00:00'),
('2011-04-28 00:00:00'),
('2011-04-29 00:00:00'),
('2011-04-30 00:00:00'),
('2011-05-01 00:00:00'),
('2011-05-02 00:00:00'),
('2011-05-03 00:00:00'),
('2011-05-04 00:00:00'),
('2011-05-05 00:00:00'),
('2011-05-06 00:00:00'),
('2011-05-07 00:00:00'),
('2011-05-08 00:00:00'),
('2011-05-09 00:00:00'),
('2011-05-10 00:00:00'),
('2011-05-11 00:00:00'),
('2011-05-12 00:00:00'),
('2011-05-13 00:00:00'),
('2011-05-14 00:00:00'),
('2011-05-15 00:00:00'),
('2011-05-16 00:00:00'),
('2011-05-17 00:00:00'),
('2011-05-18 00:00:00'),
('2011-05-19 00:00:00'),
('2011-05-20 00:00:00'),
('2011-05-21 00:00:00'),
('2011-05-22 00:00:00'),
('2011-05-23 00:00:00'),
('2011-05-24 00:00:00'),
('2011-05-25 00:00:00'),
('2011-05-26 00:00:00'),
('2011-05-27 00:00:00'),
('2011-05-28 00:00:00'),
('2011-05-29 00:00:00'),
('2011-05-30 00:00:00'),
('2011-05-31 00:00:00'),
('2011-06-01 00:00:00'),
('2011-06-02 00:00:00'),
('2011-06-03 00:00:00'),
('2011-06-04 00:00:00'),
('2011-06-05 00:00:00'),
('2011-06-06 00:00:00'),
('2011-06-07 00:00:00'),
('2011-06-08 00:00:00'),
('2011-06-09 00:00:00'),
('2011-06-10 00:00:00'),
('2011-06-11 00:00:00'),
('2011-06-12 00:00:00'),
('2011-06-13 00:00:00'),
('2011-06-14 00:00:00'),
('2011-06-15 00:00:00'),
('2011-06-16 00:00:00'),
('2011-06-17 00:00:00'),
('2011-06-18 00:00:00'),
('2011-06-19 00:00:00'),
('2011-06-20 00:00:00'),
('2011-06-21 00:00:00'),
('2011-06-22 00:00:00'),
('2011-06-23 00:00:00'),
('2011-06-24 00:00:00'),
('2011-06-25 00:00:00'),
('2011-06-26 00:00:00'),
('2011-06-27 00:00:00'),
('2011-06-28 00:00:00'),
('2011-06-29 00:00:00'),
('2011-06-30 00:00:00'),
('2011-07-01 00:00:00'),
('2011-07-02 00:00:00'),
('2011-07-03 00:00:00'),
('2011-07-04 00:00:00'),
('2011-07-05 00:00:00'),
('2011-07-06 00:00:00'),
('2011-07-07 00:00:00'),
('2011-07-08 00:00:00'),
('2011-07-09 00:00:00'),
('2011-07-10 00:00:00'),
('2011-07-11 00:00:00'),
('2011-07-12 00:00:00'),
('2011-07-13 00:00:00'),
('2011-07-14 00:00:00'),
('2011-07-15 00:00:00'),
('2011-07-16 00:00:00'),
('2011-07-17 00:00:00'),
('2011-07-18 00:00:00'),
('2011-07-19 00:00:00'),
('2011-07-20 00:00:00'),
('2011-07-21 00:00:00'),
('2011-07-22 00:00:00'),
('2011-07-23 00:00:00'),
('2011-07-24 00:00:00'),
('2011-07-25 00:00:00'),
('2011-07-26 00:00:00'),
('2011-07-27 00:00:00'),
('2011-07-28 00:00:00'),
('2011-07-29 00:00:00'),
('2011-07-30 00:00:00'),
('2011-07-31 00:00:00'),
('2011-08-01 00:00:00'),
('2011-08-02 00:00:00'),
('2011-08-03 00:00:00'),
('2011-08-04 00:00:00'),
('2011-08-05 00:00:00'),
('2011-08-06 00:00:00'),
('2011-08-07 00:00:00'),
('2011-08-08 00:00:00'),
('2011-08-09 00:00:00'),
('2011-08-10 00:00:00'),
('2011-08-11 00:00:00'),
('2011-08-12 00:00:00'),
('2011-08-13 00:00:00'),
('2011-08-14 00:00:00'),
('2011-08-15 00:00:00'),
('2011-08-16 00:00:00'),
('2011-08-17 00:00:00'),
('2011-08-18 00:00:00'),
('2011-08-19 00:00:00'),
('2011-08-20 00:00:00'),
('2011-08-21 00:00:00'),
('2011-08-22 00:00:00'),
('2011-08-23 00:00:00'),
('2011-08-24 00:00:00'),
('2011-08-25 00:00:00'),
('2011-08-26 00:00:00'),
('2011-08-27 00:00:00'),
('2011-08-28 00:00:00'),
('2011-08-29 00:00:00'),
('2011-08-30 00:00:00'),
('2011-08-31 00:00:00'),
('2011-09-01 00:00:00'),
('2011-09-02 00:00:00'),
('2011-09-03 00:00:00'),
('2011-09-04 00:00:00'),
('2011-09-05 00:00:00'),
('2011-09-06 00:00:00'),
('2011-09-07 00:00:00'),
('2011-09-08 00:00:00'),
('2011-09-09 00:00:00'),
('2011-09-10 00:00:00'),
('2011-09-11 00:00:00'),
('2011-09-12 00:00:00'),
('2011-09-13 00:00:00'),
('2011-09-14 00:00:00'),
('2011-09-15 00:00:00'),
('2011-09-16 00:00:00'),
('2011-09-17 00:00:00'),
('2011-09-18 00:00:00'),
('2011-09-19 00:00:00'),
('2011-09-20 00:00:00'),
('2011-09-21 00:00:00'),
('2011-09-22 00:00:00'),
('2011-09-23 00:00:00'),
('2011-09-24 00:00:00'),
('2011-09-25 00:00:00'),
('2011-09-26 00:00:00'),
('2011-09-27 00:00:00'),
('2011-09-28 00:00:00'),
('2011-09-29 00:00:00'),
('2011-09-30 00:00:00'),
('2011-10-01 00:00:00'),
('2011-10-02 00:00:00'),
('2011-10-03 00:00:00'),
('2011-10-04 00:00:00'),
('2011-10-05 00:00:00'),
('2011-10-06 00:00:00'),
('2011-10-07 00:00:00'),
('2011-10-08 00:00:00'),
('2011-10-09 00:00:00'),
('2011-10-10 00:00:00'),
('2011-10-11 00:00:00'),
('2011-10-12 00:00:00'),
('2011-10-13 00:00:00'),
('2011-10-14 00:00:00'),
('2011-10-15 00:00:00'),
('2011-10-16 00:00:00'),
('2011-10-17 00:00:00'),
('2011-10-18 00:00:00'),
('2011-10-19 00:00:00'),
('2011-10-20 00:00:00'),
('2011-10-21 00:00:00'),
('2011-10-22 00:00:00'),
('2011-10-23 00:00:00'),
('2011-10-24 00:00:00'),
('2011-10-25 00:00:00'),
('2011-10-26 00:00:00'),
('2011-10-27 00:00:00'),
('2011-10-28 00:00:00'),
('2011-10-29 00:00:00'),
('2011-10-30 00:00:00'),
('2011-10-31 00:00:00'),
('2011-11-01 00:00:00'),
('2011-11-02 00:00:00'),
('2011-11-03 00:00:00'),
('2011-11-04 00:00:00'),
('2011-11-05 00:00:00'),
('2011-11-06 00:00:00'),
('2011-11-07 00:00:00'),
('2011-11-08 00:00:00'),
('2011-11-09 00:00:00'),
('2011-11-10 00:00:00'),
('2011-11-11 00:00:00'),
('2011-11-12 00:00:00'),
('2011-11-13 00:00:00'),
('2011-11-14 00:00:00'),
('2011-11-15 00:00:00'),
('2011-11-16 00:00:00'),
('2011-11-17 00:00:00'),
('2011-11-18 00:00:00'),
('2011-11-19 00:00:00'),
('2011-11-20 00:00:00'),
('2011-11-21 00:00:00'),
('2011-11-22 00:00:00'),
('2011-11-23 00:00:00'),
('2011-11-24 00:00:00'),
('2011-11-25 00:00:00'),
('2011-11-26 00:00:00'),
('2011-11-27 00:00:00'),
('2011-11-28 00:00:00'),
('2011-11-29 00:00:00'),
('2011-11-30 00:00:00'),
('2011-12-01 00:00:00'),
('2011-12-02 00:00:00'),
('2011-12-03 00:00:00'),
('2011-12-04 00:00:00'),
('2011-12-05 00:00:00'),
('2011-12-06 00:00:00'),
('2011-12-07 00:00:00'),
('2011-12-08 00:00:00'),
('2011-12-09 00:00:00'),
('2011-12-10 00:00:00'),
('2011-12-11 00:00:00'),
('2011-12-12 00:00:00'),
('2011-12-13 00:00:00'),
('2011-12-14 00:00:00'),
('2011-12-15 00:00:00'),
('2011-12-16 00:00:00'),
('2011-12-17 00:00:00'),
('2011-12-18 00:00:00'),
('2011-12-19 00:00:00'),
('2011-12-20 00:00:00'),
('2011-12-21 00:00:00'),
('2011-12-22 00:00:00'),
('2011-12-23 00:00:00'),
('2011-12-24 00:00:00'),
('2011-12-25 00:00:00'),
('2011-12-26 00:00:00'),
('2011-12-27 00:00:00'),
('2011-12-28 00:00:00'),
('2011-12-29 00:00:00'),
('2011-12-30 00:00:00'),
('2011-12-31 00:00:00'),
('2012-01-01 00:00:00'),
('2012-01-02 00:00:00'),
('2012-01-03 00:00:00'),
('2012-01-04 00:00:00'),
('2012-01-05 00:00:00'),
('2012-01-06 00:00:00'),
('2012-01-07 00:00:00'),
('2012-01-08 00:00:00'),
('2012-01-09 00:00:00'),
('2012-01-10 00:00:00'),
('2012-01-11 00:00:00'),
('2012-01-12 00:00:00'),
('2012-01-13 00:00:00'),
('2012-01-14 00:00:00'),
('2012-01-15 00:00:00'),
('2012-01-16 00:00:00'),
('2012-01-17 00:00:00'),
('2012-01-18 00:00:00'),
('2012-01-19 00:00:00'),
('2012-01-20 00:00:00'),
('2012-01-21 00:00:00'),
('2012-01-22 00:00:00'),
('2012-01-23 00:00:00'),
('2012-01-24 00:00:00'),
('2012-01-25 00:00:00'),
('2012-01-26 00:00:00'),
('2012-01-27 00:00:00'),
('2012-01-28 00:00:00'),
('2012-01-29 00:00:00'),
('2012-01-30 00:00:00'),
('2012-01-31 00:00:00'),
('2012-02-01 00:00:00'),
('2012-02-02 00:00:00'),
('2012-02-03 00:00:00'),
('2012-02-04 00:00:00'),
('2012-02-05 00:00:00'),
('2012-02-06 00:00:00'),
('2012-02-07 00:00:00'),
('2012-02-08 00:00:00'),
('2012-02-09 00:00:00'),
('2012-02-10 00:00:00'),
('2012-02-11 00:00:00'),
('2012-02-12 00:00:00'),
('2012-02-13 00:00:00'),
('2012-02-14 00:00:00'),
('2012-02-15 00:00:00'),
('2012-02-16 00:00:00'),
('2012-02-17 00:00:00'),
('2012-02-18 00:00:00'),
('2012-02-19 00:00:00'),
('2012-02-20 00:00:00'),
('2012-02-21 00:00:00'),
('2012-02-22 00:00:00'),
('2012-02-23 00:00:00'),
('2012-02-24 00:00:00'),
('2012-02-25 00:00:00'),
('2012-02-26 00:00:00'),
('2012-02-27 00:00:00'),
('2012-02-28 00:00:00'),
('2012-02-29 00:00:00'),
('2012-03-01 00:00:00'),
('2012-03-02 00:00:00'),
('2012-03-03 00:00:00'),
('2012-03-04 00:00:00'),
('2012-03-05 00:00:00'),
('2012-03-06 00:00:00'),
('2012-03-07 00:00:00'),
('2012-03-08 00:00:00'),
('2012-03-09 00:00:00'),
('2012-03-10 00:00:00'),
('2012-03-11 00:00:00'),
('2012-03-12 00:00:00'),
('2012-03-13 00:00:00'),
('2012-03-14 00:00:00'),
('2012-03-15 00:00:00'),
('2012-03-16 00:00:00'),
('2012-03-17 00:00:00'),
('2012-03-18 00:00:00'),
('2012-03-19 00:00:00'),
('2012-03-20 00:00:00'),
('2012-03-21 00:00:00'),
('2012-03-22 00:00:00'),
('2012-03-23 00:00:00'),
('2012-03-24 00:00:00'),
('2012-03-25 00:00:00'),
('2012-03-26 00:00:00'),
('2012-03-27 00:00:00'),
('2012-03-28 00:00:00'),
('2012-03-29 00:00:00'),
('2012-03-30 00:00:00'),
('2012-03-31 00:00:00'),
('2012-04-01 00:00:00'),
('2012-04-02 00:00:00'),
('2012-04-03 00:00:00'),
('2012-04-04 00:00:00'),
('2012-04-05 00:00:00'),
('2012-04-06 00:00:00'),
('2012-04-07 00:00:00'),
('2012-04-08 00:00:00'),
('2012-04-09 00:00:00'),
('2012-04-10 00:00:00'),
('2012-04-11 00:00:00'),
('2012-04-12 00:00:00'),
('2012-04-13 00:00:00'),
('2012-04-14 00:00:00'),
('2012-04-15 00:00:00'),
('2012-04-16 00:00:00'),
('2012-04-17 00:00:00'),
('2012-04-18 00:00:00'),
('2012-04-19 00:00:00'),
('2012-04-20 00:00:00'),
('2012-04-21 00:00:00'),
('2012-04-22 00:00:00'),
('2012-04-23 00:00:00'),
('2012-04-24 00:00:00'),
('2012-04-25 00:00:00'),
('2012-04-26 00:00:00'),
('2012-04-27 00:00:00'),
('2012-04-28 00:00:00'),
('2012-04-29 00:00:00'),
('2012-04-30 00:00:00'),
('2012-05-01 00:00:00'),
('2012-05-02 00:00:00'),
('2012-05-03 00:00:00'),
('2012-05-04 00:00:00'),
('2012-05-05 00:00:00'),
('2012-05-06 00:00:00'),
('2012-05-07 00:00:00'),
('2012-05-08 00:00:00'),
('2012-05-09 00:00:00'),
('2012-05-10 00:00:00'),
('2012-05-11 00:00:00'),
('2012-05-12 00:00:00'),
('2012-05-13 00:00:00'),
('2012-05-14 00:00:00'),
('2012-05-15 00:00:00'),
('2012-05-16 00:00:00'),
('2012-05-17 00:00:00'),
('2012-05-18 00:00:00'),
('2012-05-19 00:00:00'),
('2012-05-20 00:00:00'),
('2012-05-21 00:00:00'),
('2012-05-22 00:00:00'),
('2012-05-23 00:00:00'),
('2012-05-24 00:00:00'),
('2012-05-25 00:00:00'),
('2012-05-26 00:00:00'),
('2012-05-27 00:00:00'),
('2012-05-28 00:00:00'),
('2012-05-29 00:00:00'),
('2012-05-30 00:00:00'),
('2012-05-31 00:00:00'),
('2012-06-01 00:00:00'),
('2012-06-02 00:00:00'),
('2012-06-03 00:00:00'),
('2012-06-04 00:00:00'),
('2012-06-05 00:00:00'),
('2012-06-06 00:00:00'),
('2012-06-07 00:00:00'),
('2012-06-08 00:00:00'),
('2012-06-09 00:00:00'),
('2012-06-10 00:00:00'),
('2012-06-11 00:00:00'),
('2012-06-12 00:00:00'),
('2012-06-13 00:00:00'),
('2012-06-14 00:00:00'),
('2012-06-15 00:00:00'),
('2012-06-16 00:00:00'),
('2012-06-17 00:00:00'),
('2012-06-18 00:00:00'),
('2012-06-19 00:00:00'),
('2012-06-20 00:00:00'),
('2012-06-21 00:00:00'),
('2012-06-22 00:00:00'),
('2012-06-23 00:00:00'),
('2012-06-24 00:00:00'),
('2012-06-25 00:00:00'),
('2012-06-26 00:00:00'),
('2012-06-27 00:00:00'),
('2012-06-28 00:00:00'),
('2012-06-29 00:00:00'),
('2012-06-30 00:00:00'),
('2012-07-01 00:00:00'),
('2012-07-02 00:00:00'),
('2012-07-03 00:00:00'),
('2012-07-04 00:00:00'),
('2012-07-05 00:00:00'),
('2012-07-06 00:00:00'),
('2012-07-07 00:00:00'),
('2012-07-08 00:00:00'),
('2012-07-09 00:00:00'),
('2012-07-10 00:00:00'),
('2012-07-11 00:00:00'),
('2012-07-12 00:00:00'),
('2012-07-13 00:00:00'),
('2012-07-14 00:00:00'),
('2012-07-15 00:00:00'),
('2012-07-16 00:00:00'),
('2012-07-17 00:00:00'),
('2012-07-18 00:00:00'),
('2012-07-19 00:00:00'),
('2012-07-20 00:00:00'),
('2012-07-21 00:00:00'),
('2012-07-22 00:00:00'),
('2012-07-23 00:00:00'),
('2012-07-24 00:00:00'),
('2012-07-25 00:00:00'),
('2012-07-26 00:00:00'),
('2012-07-27 00:00:00'),
('2012-07-28 00:00:00'),
('2012-07-29 00:00:00'),
('2012-07-30 00:00:00'),
('2012-07-31 00:00:00'),
('2012-08-01 00:00:00'),
('2012-08-02 00:00:00'),
('2012-08-03 00:00:00'),
('2012-08-04 00:00:00'),
('2012-08-05 00:00:00'),
('2012-08-06 00:00:00'),
('2012-08-07 00:00:00'),
('2012-08-08 00:00:00'),
('2012-08-09 00:00:00'),
('2012-08-10 00:00:00'),
('2012-08-11 00:00:00'),
('2012-08-12 00:00:00'),
('2012-08-13 00:00:00'),
('2012-08-14 00:00:00'),
('2012-08-15 00:00:00'),
('2012-08-16 00:00:00'),
('2012-08-17 00:00:00'),
('2012-08-18 00:00:00'),
('2012-08-19 00:00:00'),
('2012-08-20 00:00:00'),
('2012-08-21 00:00:00'),
('2012-08-22 00:00:00'),
('2012-08-23 00:00:00'),
('2012-08-24 00:00:00'),
('2012-08-25 00:00:00'),
('2012-08-26 00:00:00'),
('2012-08-27 00:00:00'),
('2012-08-28 00:00:00'),
('2012-08-29 00:00:00'),
('2012-08-30 00:00:00'),
('2012-08-31 00:00:00'),
('2012-09-01 00:00:00'),
('2012-09-02 00:00:00'),
('2012-09-03 00:00:00'),
('2012-09-04 00:00:00'),
('2012-09-05 00:00:00'),
('2012-09-06 00:00:00'),
('2012-09-07 00:00:00'),
('2012-09-08 00:00:00'),
('2012-09-09 00:00:00'),
('2012-09-10 00:00:00'),
('2012-09-11 00:00:00'),
('2012-09-12 00:00:00'),
('2012-09-13 00:00:00'),
('2012-09-14 00:00:00'),
('2012-09-15 00:00:00'),
('2012-09-16 00:00:00'),
('2012-09-17 00:00:00'),
('2012-09-18 00:00:00'),
('2012-09-19 00:00:00'),
('2012-09-20 00:00:00'),
('2012-09-21 00:00:00'),
('2012-09-22 00:00:00'),
('2012-09-23 00:00:00'),
('2012-09-24 00:00:00'),
('2012-09-25 00:00:00'),
('2012-09-26 00:00:00'),
('2012-09-27 00:00:00'),
('2012-09-28 00:00:00'),
('2012-09-29 00:00:00'),
('2012-09-30 00:00:00'),
('2012-10-01 00:00:00'),
('2012-10-02 00:00:00'),
('2012-10-03 00:00:00'),
('2012-10-04 00:00:00'),
('2012-10-05 00:00:00'),
('2012-10-06 00:00:00'),
('2012-10-07 00:00:00'),
('2012-10-08 00:00:00'),
('2012-10-09 00:00:00'),
('2012-10-10 00:00:00'),
('2012-10-11 00:00:00'),
('2012-10-12 00:00:00'),
('2012-10-13 00:00:00'),
('2012-10-14 00:00:00'),
('2012-10-15 00:00:00'),
('2012-10-16 00:00:00'),
('2012-10-17 00:00:00'),
('2012-10-18 00:00:00'),
('2012-10-19 00:00:00'),
('2012-10-20 00:00:00'),
('2012-10-21 00:00:00'),
('2012-10-22 00:00:00'),
('2012-10-23 00:00:00'),
('2012-10-24 00:00:00'),
('2012-10-25 00:00:00'),
('2012-10-26 00:00:00'),
('2012-10-27 00:00:00'),
('2012-10-28 00:00:00'),
('2012-10-29 00:00:00'),
('2012-10-30 00:00:00'),
('2012-10-31 00:00:00'),
('2012-11-01 00:00:00'),
('2012-11-02 00:00:00'),
('2012-11-03 00:00:00'),
('2012-11-04 00:00:00'),
('2012-11-05 00:00:00'),
('2012-11-06 00:00:00'),
('2012-11-07 00:00:00'),
('2012-11-08 00:00:00'),
('2012-11-09 00:00:00'),
('2012-11-10 00:00:00'),
('2012-11-11 00:00:00'),
('2012-11-12 00:00:00'),
('2012-11-13 00:00:00'),
('2012-11-14 00:00:00'),
('2012-11-15 00:00:00'),
('2012-11-16 00:00:00'),
('2012-11-17 00:00:00'),
('2012-11-18 00:00:00'),
('2012-11-19 00:00:00'),
('2012-11-20 00:00:00'),
('2012-11-21 00:00:00'),
('2012-11-22 00:00:00'),
('2012-11-23 00:00:00'),
('2012-11-24 00:00:00'),
('2012-11-25 00:00:00'),
('2012-11-26 00:00:00'),
('2012-11-27 00:00:00'),
('2012-11-28 00:00:00'),
('2012-11-29 00:00:00'),
('2012-11-30 00:00:00'),
('2012-12-01 00:00:00'),
('2012-12-02 00:00:00'),
('2012-12-03 00:00:00'),
('2012-12-04 00:00:00'),
('2012-12-05 00:00:00'),
('2012-12-06 00:00:00'),
('2012-12-07 00:00:00'),
('2012-12-08 00:00:00'),
('2012-12-09 00:00:00'),
('2012-12-10 00:00:00'),
('2012-12-11 00:00:00'),
('2012-12-12 00:00:00'),
('2012-12-13 00:00:00'),
('2012-12-14 00:00:00'),
('2012-12-15 00:00:00'),
('2012-12-16 00:00:00'),
('2012-12-17 00:00:00'),
('2012-12-18 00:00:00'),
('2012-12-19 00:00:00'),
('2012-12-20 00:00:00'),
('2012-12-21 00:00:00'),
('2012-12-22 00:00:00'),
('2012-12-23 00:00:00'),
('2012-12-24 00:00:00'),
('2012-12-25 00:00:00'),
('2012-12-26 00:00:00'),
('2012-12-27 00:00:00'),
('2012-12-28 00:00:00'),
('2012-12-29 00:00:00'),
('2012-12-30 00:00:00'),
('2012-12-31 00:00:00'),
('2013-01-01 00:00:00'),
('2013-01-02 00:00:00'),
('2013-01-03 00:00:00'),
('2013-01-04 00:00:00'),
('2013-01-05 00:00:00'),
('2013-01-06 00:00:00'),
('2013-01-07 00:00:00'),
('2013-01-08 00:00:00'),
('2013-01-09 00:00:00'),
('2013-01-10 00:00:00'),
('2013-01-11 00:00:00'),
('2013-01-12 00:00:00'),
('2013-01-13 00:00:00'),
('2013-01-14 00:00:00'),
('2013-01-15 00:00:00'),
('2013-01-16 00:00:00'),
('2013-01-17 00:00:00'),
('2013-01-18 00:00:00'),
('2013-01-19 00:00:00'),
('2013-01-20 00:00:00'),
('2013-01-21 00:00:00'),
('2013-01-22 00:00:00'),
('2013-01-23 00:00:00'),
('2013-01-24 00:00:00'),
('2013-01-25 00:00:00'),
('2013-01-26 00:00:00'),
('2013-01-27 00:00:00'),
('2013-01-28 00:00:00'),
('2013-01-29 00:00:00'),
('2013-01-30 00:00:00'),
('2013-01-31 00:00:00'),
('2013-02-01 00:00:00'),
('2013-02-02 00:00:00'),
('2013-02-03 00:00:00'),
('2013-02-04 00:00:00'),
('2013-02-05 00:00:00'),
('2013-02-06 00:00:00'),
('2013-02-07 00:00:00'),
('2013-02-08 00:00:00'),
('2013-02-09 00:00:00'),
('2013-02-10 00:00:00'),
('2013-02-11 00:00:00'),
('2013-02-12 00:00:00'),
('2013-02-13 00:00:00'),
('2013-02-14 00:00:00'),
('2013-02-15 00:00:00'),
('2013-02-16 00:00:00'),
('2013-02-17 00:00:00'),
('2013-02-18 00:00:00'),
('2013-02-19 00:00:00'),
('2013-02-20 00:00:00'),
('2013-02-21 00:00:00'),
('2013-02-22 00:00:00'),
('2013-02-23 00:00:00'),
('2013-02-24 00:00:00'),
('2013-02-25 00:00:00'),
('2013-02-26 00:00:00'),
('2013-02-27 00:00:00'),
('2013-02-28 00:00:00'),
('2013-03-01 00:00:00'),
('2013-03-02 00:00:00'),
('2013-03-03 00:00:00'),
('2013-03-04 00:00:00'),
('2013-03-05 00:00:00'),
('2013-03-06 00:00:00'),
('2013-03-07 00:00:00'),
('2013-03-08 00:00:00'),
('2013-03-09 00:00:00'),
('2013-03-10 00:00:00'),
('2013-03-11 00:00:00'),
('2013-03-12 00:00:00'),
('2013-03-13 00:00:00'),
('2013-03-14 00:00:00'),
('2013-03-15 00:00:00'),
('2013-03-16 00:00:00'),
('2013-03-17 00:00:00'),
('2013-03-18 00:00:00'),
('2013-03-19 00:00:00'),
('2013-03-20 00:00:00'),
('2013-03-21 00:00:00'),
('2013-03-22 00:00:00'),
('2013-03-23 00:00:00'),
('2013-03-24 00:00:00'),
('2013-03-25 00:00:00'),
('2013-03-26 00:00:00'),
('2013-03-27 00:00:00'),
('2013-03-28 00:00:00'),
('2013-03-29 00:00:00'),
('2013-03-30 00:00:00'),
('2013-03-31 00:00:00'),
('2013-04-01 00:00:00'),
('2013-04-02 00:00:00'),
('2013-04-03 00:00:00'),
('2013-04-04 00:00:00'),
('2013-04-05 00:00:00'),
('2013-04-06 00:00:00'),
('2013-04-07 00:00:00'),
('2013-04-08 00:00:00'),
('2013-04-09 00:00:00'),
('2013-04-10 00:00:00'),
('2013-04-11 00:00:00'),
('2013-04-12 00:00:00'),
('2013-04-13 00:00:00'),
('2013-04-14 00:00:00'),
('2013-04-15 00:00:00'),
('2013-04-16 00:00:00'),
('2013-04-17 00:00:00'),
('2013-04-18 00:00:00'),
('2013-04-19 00:00:00'),
('2013-04-20 00:00:00'),
('2013-04-21 00:00:00'),
('2013-04-22 00:00:00'),
('2013-04-23 00:00:00'),
('2013-04-24 00:00:00'),
('2013-04-25 00:00:00'),
('2013-04-26 00:00:00'),
('2013-04-27 00:00:00'),
('2013-04-28 00:00:00'),
('2013-04-29 00:00:00'),
('2013-04-30 00:00:00'),
('2013-05-01 00:00:00'),
('2013-05-02 00:00:00'),
('2013-05-03 00:00:00'),
('2013-05-04 00:00:00'),
('2013-05-05 00:00:00'),
('2013-05-06 00:00:00'),
('2013-05-07 00:00:00'),
('2013-05-08 00:00:00'),
('2013-05-09 00:00:00'),
('2013-05-10 00:00:00'),
('2013-05-11 00:00:00'),
('2013-05-12 00:00:00'),
('2013-05-13 00:00:00'),
('2013-05-14 00:00:00'),
('2013-05-15 00:00:00'),
('2013-05-16 00:00:00'),
('2013-05-17 00:00:00'),
('2013-05-18 00:00:00'),
('2013-05-19 00:00:00'),
('2013-05-20 00:00:00'),
('2013-05-21 00:00:00'),
('2013-05-22 00:00:00'),
('2013-05-23 00:00:00'),
('2013-05-24 00:00:00'),
('2013-05-25 00:00:00'),
('2013-05-26 00:00:00'),
('2013-05-27 00:00:00'),
('2013-05-28 00:00:00'),
('2013-05-29 00:00:00'),
('2013-05-30 00:00:00'),
('2013-05-31 00:00:00'),
('2013-06-01 00:00:00'),
('2013-06-02 00:00:00'),
('2013-06-03 00:00:00'),
('2013-06-04 00:00:00'),
('2013-06-05 00:00:00'),
('2013-06-06 00:00:00'),
('2013-06-07 00:00:00'),
('2013-06-08 00:00:00'),
('2013-06-09 00:00:00'),
('2013-06-10 00:00:00'),
('2013-06-11 00:00:00'),
('2013-06-12 00:00:00'),
('2013-06-13 00:00:00'),
('2013-06-14 00:00:00'),
('2013-06-15 00:00:00'),
('2013-06-16 00:00:00'),
('2013-06-17 00:00:00'),
('2013-06-18 00:00:00'),
('2013-06-19 00:00:00'),
('2013-06-20 00:00:00'),
('2013-06-21 00:00:00'),
('2013-06-22 00:00:00'),
('2013-06-23 00:00:00'),
('2013-06-24 00:00:00'),
('2013-06-25 00:00:00'),
('2013-06-26 00:00:00'),
('2013-06-27 00:00:00'),
('2013-06-28 00:00:00'),
('2013-06-29 00:00:00'),
('2013-06-30 00:00:00'),
('2013-07-01 00:00:00'),
('2013-07-02 00:00:00'),
('2013-07-03 00:00:00'),
('2013-07-04 00:00:00'),
('2013-07-05 00:00:00'),
('2013-07-06 00:00:00'),
('2013-07-07 00:00:00'),
('2013-07-08 00:00:00'),
('2013-07-09 00:00:00'),
('2013-07-10 00:00:00'),
('2013-07-11 00:00:00'),
('2013-07-12 00:00:00'),
('2013-07-13 00:00:00'),
('2013-07-14 00:00:00'),
('2013-07-15 00:00:00'),
('2013-07-16 00:00:00'),
('2013-07-17 00:00:00'),
('2013-07-18 00:00:00'),
('2013-07-19 00:00:00'),
('2013-07-20 00:00:00'),
('2013-07-21 00:00:00'),
('2013-07-22 00:00:00'),
('2013-07-23 00:00:00'),
('2013-07-24 00:00:00'),
('2013-07-25 00:00:00'),
('2013-07-26 00:00:00'),
('2013-07-27 00:00:00'),
('2013-07-28 00:00:00'),
('2013-07-29 00:00:00'),
('2013-07-30 00:00:00'),
('2013-07-31 00:00:00'),
('2013-08-01 00:00:00'),
('2013-08-02 00:00:00'),
('2013-08-03 00:00:00'),
('2013-08-04 00:00:00'),
('2013-08-05 00:00:00'),
('2013-08-06 00:00:00'),
('2013-08-07 00:00:00'),
('2013-08-08 00:00:00'),
('2013-08-09 00:00:00'),
('2013-08-10 00:00:00'),
('2013-08-11 00:00:00'),
('2013-08-12 00:00:00'),
('2013-08-13 00:00:00'),
('2013-08-14 00:00:00'),
('2013-08-15 00:00:00'),
('2013-08-16 00:00:00'),
('2013-08-17 00:00:00'),
('2013-08-18 00:00:00'),
('2013-08-19 00:00:00'),
('2013-08-20 00:00:00'),
('2013-08-21 00:00:00'),
('2013-08-22 00:00:00'),
('2013-08-23 00:00:00'),
('2013-08-24 00:00:00'),
('2013-08-25 00:00:00'),
('2013-08-26 00:00:00'),
('2013-08-27 00:00:00'),
('2013-08-28 00:00:00'),
('2013-08-29 00:00:00'),
('2013-08-30 00:00:00'),
('2013-08-31 00:00:00'),
('2013-09-01 00:00:00'),
('2013-09-02 00:00:00'),
('2013-09-03 00:00:00'),
('2013-09-04 00:00:00'),
('2013-09-05 00:00:00'),
('2013-09-06 00:00:00'),
('2013-09-07 00:00:00'),
('2013-09-08 00:00:00'),
('2013-09-09 00:00:00'),
('2013-09-10 00:00:00'),
('2013-09-11 00:00:00'),
('2013-09-12 00:00:00'),
('2013-09-13 00:00:00'),
('2013-09-14 00:00:00'),
('2013-09-15 00:00:00'),
('2013-09-16 00:00:00'),
('2013-09-17 00:00:00'),
('2013-09-18 00:00:00'),
('2013-09-19 00:00:00'),
('2013-09-20 00:00:00'),
('2013-09-21 00:00:00'),
('2013-09-22 00:00:00'),
('2013-09-23 00:00:00'),
('2013-09-24 00:00:00'),
('2013-09-25 00:00:00'),
('2013-09-26 00:00:00'),
('2013-09-27 00:00:00'),
('2013-09-28 00:00:00'),
('2013-09-29 00:00:00'),
('2013-09-30 00:00:00'),
('2013-10-01 00:00:00'),
('2013-10-02 00:00:00'),
('2013-10-03 00:00:00'),
('2013-10-04 00:00:00'),
('2013-10-05 00:00:00'),
('2013-10-06 00:00:00'),
('2013-10-07 00:00:00'),
('2013-10-08 00:00:00'),
('2013-10-09 00:00:00'),
('2013-10-10 00:00:00'),
('2013-10-11 00:00:00'),
('2013-10-12 00:00:00'),
('2013-10-13 00:00:00'),
('2013-10-14 00:00:00'),
('2013-10-15 00:00:00'),
('2013-10-16 00:00:00'),
('2013-10-17 00:00:00'),
('2013-10-18 00:00:00'),
('2013-10-19 00:00:00'),
('2013-10-20 00:00:00'),
('2013-10-21 00:00:00'),
('2013-10-22 00:00:00'),
('2013-10-23 00:00:00'),
('2013-10-24 00:00:00'),
('2013-10-25 00:00:00'),
('2013-10-26 00:00:00'),
('2013-10-27 00:00:00'),
('2013-10-28 00:00:00'),
('2013-10-29 00:00:00'),
('2013-10-30 00:00:00'),
('2013-10-31 00:00:00'),
('2013-11-01 00:00:00'),
('2013-11-02 00:00:00'),
('2013-11-03 00:00:00'),
('2013-11-04 00:00:00'),
('2013-11-05 00:00:00'),
('2013-11-06 00:00:00'),
('2013-11-07 00:00:00'),
('2013-11-08 00:00:00'),
('2013-11-09 00:00:00'),
('2013-11-10 00:00:00'),
('2013-11-11 00:00:00'),
('2013-11-12 00:00:00'),
('2013-11-13 00:00:00'),
('2013-11-14 00:00:00'),
('2013-11-15 00:00:00'),
('2013-11-16 00:00:00'),
('2013-11-17 00:00:00'),
('2013-11-18 00:00:00'),
('2013-11-19 00:00:00'),
('2013-11-20 00:00:00'),
('2013-11-21 00:00:00'),
('2013-11-22 00:00:00'),
('2013-11-23 00:00:00'),
('2013-11-24 00:00:00'),
('2013-11-25 00:00:00'),
('2013-11-26 00:00:00'),
('2013-11-27 00:00:00'),
('2013-11-28 00:00:00'),
('2013-11-29 00:00:00'),
('2013-11-30 00:00:00'),
('2013-12-01 00:00:00'),
('2013-12-02 00:00:00'),
('2013-12-03 00:00:00'),
('2013-12-04 00:00:00'),
('2013-12-05 00:00:00'),
('2013-12-06 00:00:00'),
('2013-12-07 00:00:00'),
('2013-12-08 00:00:00'),
('2013-12-09 00:00:00'),
('2013-12-10 00:00:00'),
('2013-12-11 00:00:00'),
('2013-12-12 00:00:00'),
('2013-12-13 00:00:00'),
('2013-12-14 00:00:00'),
('2013-12-15 00:00:00'),
('2013-12-16 00:00:00'),
('2013-12-17 00:00:00'),
('2013-12-18 00:00:00'),
('2013-12-19 00:00:00'),
('2013-12-20 00:00:00'),
('2013-12-21 00:00:00'),
('2013-12-22 00:00:00'),
('2013-12-23 00:00:00'),
('2013-12-24 00:00:00'),
('2013-12-25 00:00:00'),
('2013-12-26 00:00:00'),
('2013-12-27 00:00:00'),
('2013-12-28 00:00:00'),
('2013-12-29 00:00:00'),
('2013-12-30 00:00:00'),
('2013-12-31 00:00:00');

-- --------------------------------------------------------

--
-- Structure de la table `jos_archidash_categories`
--

CREATE TABLE IF NOT EXISTS `jos_archidash_categories` (
  `id` int(11) unsigned NOT NULL AUTO_INCREMENT,
  `categoryid` int(11) unsigned NOT NULL,
  `dashboardid` int(11) unsigned NOT NULL,
  PRIMARY KEY (`id`)
) ENGINE=InnoDB DEFAULT CHARSET=utf8 COLLATE=utf8_unicode_ci AUTO_INCREMENT=1 ;

-- --------------------------------------------------------

--
-- Structure de la table `jos_archidash_dashboards`
--

CREATE TABLE IF NOT EXISTS `jos_archidash_dashboards` (
  `id` int(11) unsigned NOT NULL AUTO_INCREMENT,
  `name` varchar(250) COLLATE utf8_unicode_ci NOT NULL DEFAULT '',
  `description` text COLLATE utf8_unicode_ci NOT NULL,
  PRIMARY KEY (`id`)
) ENGINE=InnoDB DEFAULT CHARSET=utf8 COLLATE=utf8_unicode_ci AUTO_INCREMENT=1 ;

-- --------------------------------------------------------

--
-- Structure de la table `jos_archidash_datasources`
--

CREATE TABLE IF NOT EXISTS `jos_archidash_datasources` (
  `id` int(11) unsigned NOT NULL AUTO_INCREMENT,
  `type` varchar(250) COLLATE utf8_unicode_ci NOT NULL DEFAULT '',
  `datasourceid` int(11) unsigned NOT NULL,
  `dashboardid` int(11) unsigned NOT NULL,
  PRIMARY KEY (`id`)
) ENGINE=InnoDB DEFAULT CHARSET=utf8 COLLATE=utf8_unicode_ci AUTO_INCREMENT=1 ;

-- --------------------------------------------------------

--
-- Structure de la table `jos_archidash_definitions`
--

CREATE TABLE IF NOT EXISTS `jos_archidash_definitions` (
  `id` int(11) unsigned NOT NULL AUTO_INCREMENT,
  `name` text COLLATE utf8_unicode_ci NOT NULL,
  PRIMARY KEY (`id`)
) ENGINE=InnoDB  DEFAULT CHARSET=utf8 COLLATE=utf8_unicode_ci AUTO_INCREMENT=2 ;

--
-- Contenu de la table `jos_archidash_definitions`
--

INSERT INTO `jos_archidash_definitions` (`id`, `name`) VALUES
(1, 'standard.xml');

-- --------------------------------------------------------

--
-- Structure de la table `jos_archidash_hours`
--

CREATE TABLE IF NOT EXISTS `jos_archidash_hours` (
  `field` datetime NOT NULL DEFAULT '0000-00-00 00:00:00',
  PRIMARY KEY (`field`)
) ENGINE=InnoDB DEFAULT CHARSET=utf8 COLLATE=utf8_unicode_ci;

--
-- Contenu de la table `jos_archidash_hours`
--

INSERT INTO `jos_archidash_hours` (`field`) VALUES
('2011-01-01 00:00:00'),
('2011-01-01 01:00:00'),
('2011-01-01 02:00:00'),
('2011-01-01 03:00:00'),
('2011-01-01 04:00:00'),
('2011-01-01 05:00:00'),
('2011-01-01 06:00:00'),
('2011-01-01 07:00:00'),
('2011-01-01 08:00:00'),
('2011-01-01 09:00:00'),
('2011-01-01 10:00:00'),
('2011-01-01 11:00:00'),
('2011-01-01 12:00:00'),
('2011-01-01 13:00:00'),
('2011-01-01 14:00:00'),
('2011-01-01 15:00:00'),
('2011-01-01 16:00:00'),
('2011-01-01 17:00:00'),
('2011-01-01 18:00:00'),
('2011-01-01 19:00:00'),
('2011-01-01 20:00:00'),
('2011-01-01 21:00:00'),
('2011-01-01 22:00:00'),
('2011-01-01 23:00:00');

-- --------------------------------------------------------

--
-- Structure de la table `jos_archidash_menus`
--

CREATE TABLE IF NOT EXISTS `jos_archidash_menus` (
  `id` int(11) unsigned NOT NULL AUTO_INCREMENT,
  `menuid` int(11) unsigned NOT NULL,
  `dashboardid` int(11) unsigned NOT NULL,
  PRIMARY KEY (`id`)
) ENGINE=InnoDB DEFAULT CHARSET=utf8 COLLATE=utf8_unicode_ci AUTO_INCREMENT=1 ;

-- --------------------------------------------------------

--
-- Structure de la table `jos_archidash_menu_types`
--

CREATE TABLE IF NOT EXISTS `jos_archidash_menu_types` (
  `id` int(11) unsigned NOT NULL AUTO_INCREMENT,
  `menutypeid` int(10) unsigned NOT NULL,
  `dashboardid` int(11) unsigned NOT NULL,
  PRIMARY KEY (`id`)
) ENGINE=InnoDB DEFAULT CHARSET=utf8 COLLATE=utf8_unicode_ci AUTO_INCREMENT=1 ;

-- --------------------------------------------------------

--
-- Structure de la table `jos_archidash_modules`
--

CREATE TABLE IF NOT EXISTS `jos_archidash_modules` (
  `id` int(11) unsigned NOT NULL AUTO_INCREMENT,
  `moduleid` int(11) unsigned NOT NULL,
  `dashboardid` int(11) unsigned NOT NULL,
  PRIMARY KEY (`id`)
) ENGINE=InnoDB DEFAULT CHARSET=utf8 COLLATE=utf8_unicode_ci AUTO_INCREMENT=1 ;

-- --------------------------------------------------------

--
-- Structure de la table `jos_archidash_months`
--

CREATE TABLE IF NOT EXISTS `jos_archidash_months` (
  `field` datetime NOT NULL DEFAULT '0000-00-00 00:00:00',
  PRIMARY KEY (`field`)
) ENGINE=InnoDB DEFAULT CHARSET=utf8 COLLATE=utf8_unicode_ci;

--
-- Contenu de la table `jos_archidash_months`
--

INSERT INTO `jos_archidash_months` (`field`) VALUES
('2000-01-01 00:00:00'),
('2000-02-01 00:00:00'),
('2000-03-01 00:00:00'),
('2000-04-01 00:00:00'),
('2000-05-01 00:00:00'),
('2000-06-01 00:00:00'),
('2000-07-01 00:00:00'),
('2000-08-01 00:00:00'),
('2000-09-01 00:00:00'),
('2000-10-01 00:00:00'),
('2000-11-01 00:00:00'),
('2000-12-01 00:00:00'),
('2001-01-01 00:00:00'),
('2001-02-01 00:00:00'),
('2001-03-01 00:00:00'),
('2001-04-01 00:00:00'),
('2001-05-01 00:00:00'),
('2001-06-01 00:00:00'),
('2001-07-01 00:00:00'),
('2001-08-01 00:00:00'),
('2001-09-01 00:00:00'),
('2001-10-01 00:00:00'),
('2001-11-01 00:00:00'),
('2001-12-01 00:00:00'),
('2002-01-01 00:00:00'),
('2002-02-01 00:00:00'),
('2002-03-01 00:00:00'),
('2002-04-01 00:00:00'),
('2002-05-01 00:00:00'),
('2002-06-01 00:00:00'),
('2002-07-01 00:00:00'),
('2002-08-01 00:00:00'),
('2002-09-01 00:00:00'),
('2002-10-01 00:00:00'),
('2002-11-01 00:00:00'),
('2002-12-01 00:00:00'),
('2003-01-01 00:00:00'),
('2003-02-01 00:00:00'),
('2003-03-01 00:00:00'),
('2003-04-01 00:00:00'),
('2003-05-01 00:00:00'),
('2003-06-01 00:00:00'),
('2003-07-01 00:00:00'),
('2003-08-01 00:00:00'),
('2003-09-01 00:00:00'),
('2003-10-01 00:00:00'),
('2003-11-01 00:00:00'),
('2003-12-01 00:00:00'),
('2004-01-01 00:00:00'),
('2004-02-01 00:00:00'),
('2004-03-01 00:00:00'),
('2004-04-01 00:00:00'),
('2004-05-01 00:00:00'),
('2004-06-01 00:00:00'),
('2004-07-01 00:00:00'),
('2004-08-01 00:00:00'),
('2004-09-01 00:00:00'),
('2004-10-01 00:00:00'),
('2004-11-01 00:00:00'),
('2004-12-01 00:00:00'),
('2005-01-01 00:00:00'),
('2005-02-01 00:00:00'),
('2005-03-01 00:00:00'),
('2005-04-01 00:00:00'),
('2005-05-01 00:00:00'),
('2005-06-01 00:00:00'),
('2005-07-01 00:00:00'),
('2005-08-01 00:00:00'),
('2005-09-01 00:00:00'),
('2005-10-01 00:00:00'),
('2005-11-01 00:00:00'),
('2005-12-01 00:00:00'),
('2006-01-01 00:00:00'),
('2006-02-01 00:00:00'),
('2006-03-01 00:00:00'),
('2006-04-01 00:00:00'),
('2006-05-01 00:00:00'),
('2006-06-01 00:00:00'),
('2006-07-01 00:00:00'),
('2006-08-01 00:00:00'),
('2006-09-01 00:00:00'),
('2006-10-01 00:00:00'),
('2006-11-01 00:00:00'),
('2006-12-01 00:00:00'),
('2007-01-01 00:00:00'),
('2007-02-01 00:00:00'),
('2007-03-01 00:00:00'),
('2007-04-01 00:00:00'),
('2007-05-01 00:00:00'),
('2007-06-01 00:00:00'),
('2007-07-01 00:00:00'),
('2007-08-01 00:00:00'),
('2007-09-01 00:00:00'),
('2007-10-01 00:00:00'),
('2007-11-01 00:00:00'),
('2007-12-01 00:00:00'),
('2008-01-01 00:00:00'),
('2008-02-01 00:00:00'),
('2008-03-01 00:00:00'),
('2008-04-01 00:00:00'),
('2008-05-01 00:00:00'),
('2008-06-01 00:00:00'),
('2008-07-01 00:00:00'),
('2008-08-01 00:00:00'),
('2008-09-01 00:00:00'),
('2008-10-01 00:00:00'),
('2008-11-01 00:00:00'),
('2008-12-01 00:00:00'),
('2009-01-01 00:00:00'),
('2009-02-01 00:00:00'),
('2009-03-01 00:00:00'),
('2009-04-01 00:00:00'),
('2009-05-01 00:00:00'),
('2009-06-01 00:00:00'),
('2009-07-01 00:00:00'),
('2009-08-01 00:00:00'),
('2009-09-01 00:00:00'),
('2009-10-01 00:00:00'),
('2009-11-01 00:00:00'),
('2009-12-01 00:00:00'),
('2010-01-01 00:00:00'),
('2010-02-01 00:00:00'),
('2010-03-01 00:00:00'),
('2010-04-01 00:00:00'),
('2010-05-01 00:00:00'),
('2010-06-01 00:00:00'),
('2010-07-01 00:00:00'),
('2010-08-01 00:00:00'),
('2010-09-01 00:00:00'),
('2010-10-01 00:00:00'),
('2010-11-01 00:00:00'),
('2010-12-01 00:00:00'),
('2011-01-01 00:00:00'),
('2011-02-01 00:00:00'),
('2011-03-01 00:00:00'),
('2011-04-01 00:00:00'),
('2011-05-01 00:00:00'),
('2011-06-01 00:00:00'),
('2011-07-01 00:00:00'),
('2011-08-01 00:00:00'),
('2011-09-01 00:00:00'),
('2011-10-01 00:00:00'),
('2011-11-01 00:00:00'),
('2011-12-01 00:00:00'),
('2012-01-01 00:00:00'),
('2012-02-01 00:00:00'),
('2012-03-01 00:00:00'),
('2012-04-01 00:00:00'),
('2012-05-01 00:00:00'),
('2012-06-01 00:00:00'),
('2012-07-01 00:00:00'),
('2012-08-01 00:00:00'),
('2012-09-01 00:00:00'),
('2012-10-01 00:00:00'),
('2012-11-01 00:00:00'),
('2012-12-01 00:00:00'),
('2013-01-01 00:00:00'),
('2013-02-01 00:00:00'),
('2013-03-01 00:00:00'),
('2013-04-01 00:00:00'),
('2013-05-01 00:00:00'),
('2013-06-01 00:00:00'),
('2013-07-01 00:00:00'),
('2013-08-01 00:00:00'),
('2013-09-01 00:00:00'),
('2013-10-01 00:00:00'),
('2013-11-01 00:00:00'),
('2013-12-01 00:00:00'),
('2014-01-01 00:00:00'),
('2014-02-01 00:00:00'),
('2014-03-01 00:00:00'),
('2014-04-01 00:00:00'),
('2014-05-01 00:00:00'),
('2014-06-01 00:00:00'),
('2014-07-01 00:00:00'),
('2014-08-01 00:00:00'),
('2014-09-01 00:00:00'),
('2014-10-01 00:00:00'),
('2014-11-01 00:00:00'),
('2014-12-01 00:00:00'),
('2015-01-01 00:00:00'),
('2015-02-01 00:00:00'),
('2015-03-01 00:00:00'),
('2015-04-01 00:00:00'),
('2015-05-01 00:00:00'),
('2015-06-01 00:00:00'),
('2015-07-01 00:00:00'),
('2015-08-01 00:00:00'),
('2015-09-01 00:00:00'),
('2015-10-01 00:00:00'),
('2015-11-01 00:00:00'),
('2015-12-01 00:00:00'),
('2016-01-01 00:00:00'),
('2016-02-01 00:00:00'),
('2016-03-01 00:00:00'),
('2016-04-01 00:00:00'),
('2016-05-01 00:00:00'),
('2016-06-01 00:00:00'),
('2016-07-01 00:00:00'),
('2016-08-01 00:00:00'),
('2016-09-01 00:00:00'),
('2016-10-01 00:00:00'),
('2016-11-01 00:00:00'),
('2016-12-01 00:00:00'),
('2017-01-01 00:00:00'),
('2017-02-01 00:00:00'),
('2017-03-01 00:00:00'),
('2017-04-01 00:00:00'),
('2017-05-01 00:00:00'),
('2017-06-01 00:00:00'),
('2017-07-01 00:00:00'),
('2017-08-01 00:00:00'),
('2017-09-01 00:00:00'),
('2017-10-01 00:00:00'),
('2017-11-01 00:00:00'),
('2017-12-01 00:00:00'),
('2018-01-01 00:00:00'),
('2018-02-01 00:00:00'),
('2018-03-01 00:00:00'),
('2018-04-01 00:00:00'),
('2018-05-01 00:00:00'),
('2018-06-01 00:00:00'),
('2018-07-01 00:00:00'),
('2018-08-01 00:00:00'),
('2018-09-01 00:00:00'),
('2018-10-01 00:00:00'),
('2018-11-01 00:00:00'),
('2018-12-01 00:00:00'),
('2019-01-01 00:00:00'),
('2019-02-01 00:00:00'),
('2019-03-01 00:00:00'),
('2019-04-01 00:00:00'),
('2019-05-01 00:00:00'),
('2019-06-01 00:00:00'),
('2019-07-01 00:00:00'),
('2019-08-01 00:00:00'),
('2019-09-01 00:00:00'),
('2019-10-01 00:00:00'),
('2019-11-01 00:00:00'),
('2019-12-01 00:00:00'),
('2020-01-01 00:00:00'),
('2020-02-01 00:00:00'),
('2020-03-01 00:00:00'),
('2020-04-01 00:00:00'),
('2020-05-01 00:00:00'),
('2020-06-01 00:00:00'),
('2020-07-01 00:00:00'),
('2020-08-01 00:00:00'),
('2020-09-01 00:00:00'),
('2020-10-01 00:00:00'),
('2020-11-01 00:00:00'),
('2020-12-01 00:00:00'),
('2021-01-01 00:00:00'),
('2021-02-01 00:00:00'),
('2021-03-01 00:00:00'),
('2021-04-01 00:00:00'),
('2021-05-01 00:00:00'),
('2021-06-01 00:00:00'),
('2021-07-01 00:00:00'),
('2021-08-01 00:00:00'),
('2021-09-01 00:00:00'),
('2021-10-01 00:00:00'),
('2021-11-01 00:00:00'),
('2021-12-01 00:00:00'),
('2022-01-01 00:00:00'),
('2022-02-01 00:00:00'),
('2022-03-01 00:00:00'),
('2022-04-01 00:00:00'),
('2022-05-01 00:00:00'),
('2022-06-01 00:00:00'),
('2022-07-01 00:00:00'),
('2022-08-01 00:00:00'),
('2022-09-01 00:00:00'),
('2022-10-01 00:00:00'),
('2022-11-01 00:00:00'),
('2022-12-01 00:00:00'),
('2023-01-01 00:00:00'),
('2023-02-01 00:00:00'),
('2023-03-01 00:00:00'),
('2023-04-01 00:00:00'),
('2023-05-01 00:00:00'),
('2023-06-01 00:00:00'),
('2023-07-01 00:00:00'),
('2023-08-01 00:00:00'),
('2023-09-01 00:00:00'),
('2023-10-01 00:00:00'),
('2023-11-01 00:00:00'),
('2023-12-01 00:00:00'),
('2024-01-01 00:00:00'),
('2024-02-01 00:00:00'),
('2024-03-01 00:00:00'),
('2024-04-01 00:00:00'),
('2024-05-01 00:00:00'),
('2024-06-01 00:00:00'),
('2024-07-01 00:00:00'),
('2024-08-01 00:00:00'),
('2024-09-01 00:00:00'),
('2024-10-01 00:00:00'),
('2024-11-01 00:00:00'),
('2024-12-01 00:00:00'),
('2025-01-01 00:00:00'),
('2025-02-01 00:00:00'),
('2025-03-01 00:00:00'),
('2025-04-01 00:00:00'),
('2025-05-01 00:00:00'),
('2025-06-01 00:00:00'),
('2025-07-01 00:00:00'),
('2025-08-01 00:00:00'),
('2025-09-01 00:00:00'),
('2025-10-01 00:00:00'),
('2025-11-01 00:00:00'),
('2025-12-01 00:00:00'),
('2026-01-01 00:00:00'),
('2026-02-01 00:00:00'),
('2026-03-01 00:00:00'),
('2026-04-01 00:00:00'),
('2026-05-01 00:00:00'),
('2026-06-01 00:00:00'),
('2026-07-01 00:00:00'),
('2026-08-01 00:00:00'),
('2026-09-01 00:00:00'),
('2026-10-01 00:00:00'),
('2026-11-01 00:00:00'),
('2026-12-01 00:00:00'),
('2027-01-01 00:00:00'),
('2027-02-01 00:00:00'),
('2027-03-01 00:00:00'),
('2027-04-01 00:00:00'),
('2027-05-01 00:00:00'),
('2027-06-01 00:00:00'),
('2027-07-01 00:00:00'),
('2027-08-01 00:00:00'),
('2027-09-01 00:00:00'),
('2027-10-01 00:00:00'),
('2027-11-01 00:00:00'),
('2027-12-01 00:00:00'),
('2028-01-01 00:00:00'),
('2028-02-01 00:00:00'),
('2028-03-01 00:00:00'),
('2028-04-01 00:00:00'),
('2028-05-01 00:00:00'),
('2028-06-01 00:00:00'),
('2028-07-01 00:00:00'),
('2028-08-01 00:00:00'),
('2028-09-01 00:00:00'),
('2028-10-01 00:00:00'),
('2028-11-01 00:00:00'),
('2028-12-01 00:00:00'),
('2029-01-01 00:00:00'),
('2029-02-01 00:00:00'),
('2029-03-01 00:00:00'),
('2029-04-01 00:00:00'),
('2029-05-01 00:00:00'),
('2029-06-01 00:00:00'),
('2029-07-01 00:00:00'),
('2029-08-01 00:00:00'),
('2029-09-01 00:00:00'),
('2029-10-01 00:00:00'),
('2029-11-01 00:00:00'),
('2029-12-01 00:00:00');

-- --------------------------------------------------------

--
-- Structure de la table `jos_archidash_sections`
--

CREATE TABLE IF NOT EXISTS `jos_archidash_sections` (
  `id` int(11) unsigned NOT NULL AUTO_INCREMENT,
  `sectionid` int(11) unsigned NOT NULL,
  `dashboardid` int(11) unsigned NOT NULL,
  PRIMARY KEY (`id`)
) ENGINE=InnoDB DEFAULT CHARSET=utf8 COLLATE=utf8_unicode_ci AUTO_INCREMENT=1 ;

-- --------------------------------------------------------

--
-- Structure de la table `jos_archidash_years`
--

CREATE TABLE IF NOT EXISTS `jos_archidash_years` (
  `field` datetime NOT NULL DEFAULT '0000-00-00 00:00:00',
  PRIMARY KEY (`field`)
) ENGINE=InnoDB DEFAULT CHARSET=utf8 COLLATE=utf8_unicode_ci;

--
-- Contenu de la table `jos_archidash_years`
--

INSERT INTO `jos_archidash_years` (`field`) VALUES
('2000-01-01 00:00:00'),
('2001-01-01 00:00:00'),
('2002-01-01 00:00:00'),
('2003-01-01 00:00:00'),
('2004-01-01 00:00:00'),
('2005-01-01 00:00:00'),
('2006-01-01 00:00:00'),
('2007-01-01 00:00:00'),
('2008-01-01 00:00:00'),
('2009-01-01 00:00:00'),
('2010-01-01 00:00:00'),
('2011-01-01 00:00:00'),
('2012-01-01 00:00:00'),
('2013-01-01 00:00:00'),
('2014-01-01 00:00:00'),
('2015-01-01 00:00:00'),
('2016-01-01 00:00:00'),
('2017-01-01 00:00:00'),
('2018-01-01 00:00:00'),
('2019-01-01 00:00:00'),
('2020-01-01 00:00:00'),
('2021-01-01 00:00:00'),
('2022-01-01 00:00:00'),
('2023-01-01 00:00:00'),
('2024-01-01 00:00:00'),
('2025-01-01 00:00:00'),
('2026-01-01 00:00:00'),
('2027-01-01 00:00:00'),
('2028-01-01 00:00:00'),
('2029-01-01 00:00:00');

-- --------------------------------------------------------

--
-- Structure de la table `jos_banner`
--

CREATE TABLE IF NOT EXISTS `jos_banner` (
  `bid` int(11) NOT NULL AUTO_INCREMENT,
  `cid` int(11) NOT NULL DEFAULT '0',
  `type` varchar(30) NOT NULL DEFAULT 'banner',
  `name` varchar(255) NOT NULL DEFAULT '',
  `alias` varchar(255) NOT NULL DEFAULT '',
  `imptotal` int(11) NOT NULL DEFAULT '0',
  `impmade` int(11) NOT NULL DEFAULT '0',
  `clicks` int(11) NOT NULL DEFAULT '0',
  `imageurl` varchar(100) NOT NULL DEFAULT '',
  `clickurl` varchar(200) NOT NULL DEFAULT '',
  `date` datetime DEFAULT NULL,
  `showBanner` tinyint(1) NOT NULL DEFAULT '0',
  `checked_out` tinyint(1) NOT NULL DEFAULT '0',
  `checked_out_time` datetime NOT NULL DEFAULT '0000-00-00 00:00:00',
  `editor` varchar(50) DEFAULT NULL,
  `custombannercode` text,
  `catid` int(10) unsigned NOT NULL DEFAULT '0',
  `description` text NOT NULL,
  `sticky` tinyint(1) unsigned NOT NULL DEFAULT '0',
  `ordering` int(11) NOT NULL DEFAULT '0',
  `publish_up` datetime NOT NULL DEFAULT '0000-00-00 00:00:00',
  `publish_down` datetime NOT NULL DEFAULT '0000-00-00 00:00:00',
  `tags` text NOT NULL,
  `params` text NOT NULL,
  PRIMARY KEY (`bid`),
  KEY `viewbanner` (`showBanner`),
  KEY `idx_banner_catid` (`catid`)
) ENGINE=MyISAM DEFAULT CHARSET=utf8 AUTO_INCREMENT=1 ;

-- --------------------------------------------------------

--
-- Structure de la table `jos_bannerclient`
--

CREATE TABLE IF NOT EXISTS `jos_bannerclient` (
  `cid` int(11) NOT NULL AUTO_INCREMENT,
  `name` varchar(255) NOT NULL DEFAULT '',
  `contact` varchar(255) NOT NULL DEFAULT '',
  `email` varchar(255) NOT NULL DEFAULT '',
  `extrainfo` text NOT NULL,
  `checked_out` tinyint(1) NOT NULL DEFAULT '0',
  `checked_out_time` time DEFAULT NULL,
  `editor` varchar(50) DEFAULT NULL,
  PRIMARY KEY (`cid`)
) ENGINE=MyISAM DEFAULT CHARSET=utf8 AUTO_INCREMENT=1 ;

-- --------------------------------------------------------

--
-- Structure de la table `jos_bannertrack`
--

CREATE TABLE IF NOT EXISTS `jos_bannertrack` (
  `track_date` date NOT NULL,
  `track_type` int(10) unsigned NOT NULL,
  `banner_id` int(10) unsigned NOT NULL
) ENGINE=MyISAM DEFAULT CHARSET=utf8;

-- --------------------------------------------------------

--
-- Structure de la table `jos_categories`
--

CREATE TABLE IF NOT EXISTS `jos_categories` (
  `id` int(11) NOT NULL AUTO_INCREMENT,
  `parent_id` int(11) NOT NULL DEFAULT '0',
  `title` varchar(255) NOT NULL DEFAULT '',
  `name` varchar(255) NOT NULL DEFAULT '',
  `alias` varchar(255) NOT NULL DEFAULT '',
  `image` varchar(255) NOT NULL DEFAULT '',
  `section` varchar(50) NOT NULL DEFAULT '',
  `image_position` varchar(30) NOT NULL DEFAULT '',
  `description` text NOT NULL,
  `published` tinyint(1) NOT NULL DEFAULT '0',
  `checked_out` int(11) unsigned NOT NULL DEFAULT '0',
  `checked_out_time` datetime NOT NULL DEFAULT '0000-00-00 00:00:00',
  `editor` varchar(50) DEFAULT NULL,
  `ordering` int(11) NOT NULL DEFAULT '0',
  `access` tinyint(3) unsigned NOT NULL DEFAULT '0',
  `count` int(11) NOT NULL DEFAULT '0',
  `params` text NOT NULL,
  PRIMARY KEY (`id`),
  KEY `cat_idx` (`section`,`published`,`access`),
  KEY `idx_access` (`access`),
  KEY `idx_checkout` (`checked_out`)
) ENGINE=MyISAM  DEFAULT CHARSET=utf8 AUTO_INCREMENT=3 ;

--
-- Contenu de la table `jos_categories`
--

INSERT INTO `jos_categories` (`id`, `parent_id`, `title`, `name`, `alias`, `image`, `section`, `image_position`, `description`, `published`, `checked_out`, `checked_out_time`, `editor`, `ordering`, `access`, `count`, `params`) VALUES
(1, 0, 'test', '', 'test', '', '1', 'left', '', 1, 0, '0000-00-00 00:00:00', NULL, 1, 0, 0, ''),
(2, 0, 'Notifications', '', 'notifications', '', '1', 'right', '', 1, 0, '0000-00-00 00:00:00', NULL, 2, 0, 0, '');

-- --------------------------------------------------------

--
-- Structure de la table `jos_components`
--

CREATE TABLE IF NOT EXISTS `jos_components` (
  `id` int(11) NOT NULL AUTO_INCREMENT,
  `name` varchar(50) NOT NULL DEFAULT '',
  `link` varchar(255) NOT NULL DEFAULT '',
  `menuid` int(11) unsigned NOT NULL DEFAULT '0',
  `parent` int(11) unsigned NOT NULL DEFAULT '0',
  `admin_menu_link` varchar(255) NOT NULL DEFAULT '',
  `admin_menu_alt` varchar(255) NOT NULL DEFAULT '',
  `option` varchar(50) NOT NULL DEFAULT '',
  `ordering` int(11) NOT NULL DEFAULT '0',
  `admin_menu_img` varchar(255) NOT NULL DEFAULT '',
  `iscore` tinyint(4) NOT NULL DEFAULT '0',
  `params` text NOT NULL,
  `enabled` tinyint(4) NOT NULL DEFAULT '1',
  PRIMARY KEY (`id`),
  KEY `parent_option` (`parent`,`option`(32))
) ENGINE=MyISAM  DEFAULT CHARSET=utf8 AUTO_INCREMENT=88 ;

--
-- Contenu de la table `jos_components`
--

INSERT INTO `jos_components` (`id`, `name`, `link`, `menuid`, `parent`, `admin_menu_link`, `admin_menu_alt`, `option`, `ordering`, `admin_menu_img`, `iscore`, `params`, `enabled`) VALUES
(1, 'Banners', '', 0, 0, '', 'Banner Management', 'com_banners', 0, 'js/ThemeOffice/component.png', 0, 'track_impressions=0\ntrack_clicks=0\ntag_prefix=\n\n', 1),
(2, 'Banners', '', 0, 1, 'option=com_banners', 'Active Banners', 'com_banners', 1, 'js/ThemeOffice/edit.png', 0, '', 1),
(3, 'Clients', '', 0, 1, 'option=com_banners&c=client', 'Manage Clients', 'com_banners', 2, 'js/ThemeOffice/categories.png', 0, '', 1),
(4, 'Web Links', 'option=com_weblinks', 0, 0, '', 'Manage Weblinks', 'com_weblinks', 0, 'js/ThemeOffice/component.png', 0, 'show_comp_description=1\ncomp_description=\nshow_link_hits=1\nshow_link_description=1\nshow_other_cats=1\nshow_headings=1\nshow_page_title=1\nlink_target=0\nlink_icons=\n\n', 1),
(5, 'Links', '', 0, 4, 'option=com_weblinks', 'View existing weblinks', 'com_weblinks', 1, 'js/ThemeOffice/edit.png', 0, '', 1),
(6, 'Categories', '', 0, 4, 'option=com_categories&section=com_weblinks', 'Manage weblink categories', '', 2, 'js/ThemeOffice/categories.png', 0, '', 1),
(7, 'Contacts', 'option=com_contact', 0, 0, '', 'Edit contact details', 'com_contact', 0, 'js/ThemeOffice/component.png', 1, 'contact_icons=0\nicon_address=\nicon_email=\nicon_telephone=\nicon_fax=\nicon_misc=\nshow_headings=1\nshow_position=1\nshow_email=0\nshow_telephone=1\nshow_mobile=1\nshow_fax=1\nbannedEmail=\nbannedSubject=\nbannedText=\nsession=1\ncustomReply=0\n\n', 1),
(8, 'Contacts', '', 0, 7, 'option=com_contact', 'Edit contact details', 'com_contact', 0, 'js/ThemeOffice/edit.png', 1, '', 1),
(9, 'Categories', '', 0, 7, 'option=com_categories&section=com_contact_details', 'Manage contact categories', '', 2, 'js/ThemeOffice/categories.png', 1, 'contact_icons=0\nicon_address=\nicon_email=\nicon_telephone=\nicon_fax=\nicon_misc=\nshow_headings=1\nshow_position=1\nshow_email=0\nshow_telephone=1\nshow_mobile=1\nshow_fax=1\nbannedEmail=\nbannedSubject=\nbannedText=\nsession=1\ncustomReply=0\n\n', 1),
(10, 'Polls', 'option=com_poll', 0, 0, 'option=com_poll', 'Manage Polls', 'com_poll', 0, 'js/ThemeOffice/component.png', 0, '', 1),
(11, 'News Feeds', 'option=com_newsfeeds', 0, 0, '', 'News Feeds Management', 'com_newsfeeds', 0, 'js/ThemeOffice/component.png', 0, '', 1),
(12, 'Feeds', '', 0, 11, 'option=com_newsfeeds', 'Manage News Feeds', 'com_newsfeeds', 1, 'js/ThemeOffice/edit.png', 0, 'show_headings=1\nshow_name=1\nshow_articles=1\nshow_link=1\nshow_cat_description=1\nshow_cat_items=1\nshow_feed_image=1\nshow_feed_description=1\nshow_item_description=1\nfeed_word_count=0\n\n', 1),
(13, 'Categories', '', 0, 11, 'option=com_categories&section=com_newsfeeds', 'Manage Categories', '', 2, 'js/ThemeOffice/categories.png', 0, '', 1),
(14, 'User', 'option=com_user', 0, 0, '', '', 'com_user', 0, '', 1, '', 1),
(15, 'Search', 'option=com_search', 0, 0, 'option=com_search', 'Search Statistics', 'com_search', 0, 'js/ThemeOffice/component.png', 1, 'enabled=0\n\n', 1),
(16, 'Categories', '', 0, 1, 'option=com_categories&section=com_banner', 'Categories', '', 3, '', 1, '', 1),
(17, 'Wrapper', 'option=com_wrapper', 0, 0, '', 'Wrapper', 'com_wrapper', 0, '', 1, '', 1),
(18, 'Mail To', '', 0, 0, '', '', 'com_mailto', 0, '', 1, '', 1),
(19, 'Media Manager', '', 0, 0, 'option=com_media', 'Media Manager', 'com_media', 0, '', 1, 'upload_extensions=bmp,csv,doc,epg,gif,ico,jpg,odg,odp,ods,odt,pdf,png,ppt,swf,txt,xcf,xls,BMP,CSV,DOC,EPG,GIF,ICO,JPG,ODG,ODP,ODS,ODT,PDF,PNG,PPT,SWF,TXT,XCF,XLS\nupload_maxsize=10000000\nfile_path=images\nimage_path=images/stories\nrestrict_uploads=1\nallowed_media_usergroup=3\ncheck_mime=1\nimage_extensions=bmp,gif,jpg,png\nignore_extensions=\nupload_mime=image/jpeg,image/gif,image/png,image/bmp,application/x-shockwave-flash,application/msword,application/excel,application/pdf,application/powerpoint,text/plain,application/x-zip\nupload_mime_illegal=text/html\nenable_flash=0\n\n', 1),
(20, 'Articles', 'option=com_content', 0, 0, '', '', 'com_content', 0, '', 1, 'show_noauth=0\nshow_title=1\nlink_titles=0\nshow_intro=1\nshow_section=0\nlink_section=0\nshow_category=0\nlink_category=0\nshow_author=1\nshow_create_date=1\nshow_modify_date=1\nshow_item_navigation=0\nshow_readmore=1\nshow_vote=0\nshow_icons=1\nshow_pdf_icon=1\nshow_print_icon=1\nshow_email_icon=1\nshow_hits=1\nfeed_summary=0\n\n', 1),
(21, 'Configuration Manager', '', 0, 0, '', 'Configuration', 'com_config', 0, '', 1, '', 1),
(22, 'Installation Manager', '', 0, 0, '', 'Installer', 'com_installer', 0, '', 1, '', 1),
(23, 'Language Manager', '', 0, 0, '', 'Languages', 'com_languages', 0, '', 1, 'administrator=fr-FR\nsite=en-GB\n\n', 1),
(24, 'Mass mail', '', 0, 0, '', 'Mass Mail', 'com_massmail', 0, '', 1, 'mailSubjectPrefix=\nmailBodySuffix=\n\n', 1),
(25, 'Menu Editor', '', 0, 0, '', 'Menu Editor', 'com_menus', 0, '', 1, '', 1),
(27, 'Messaging', '', 0, 0, '', 'Messages', 'com_messages', 0, '', 1, '', 1),
(28, 'Modules Manager', '', 0, 0, '', 'Modules', 'com_modules', 0, '', 1, '', 1),
(29, 'Plugin Manager', '', 0, 0, '', 'Plugins', 'com_plugins', 0, '', 1, '', 1),
(30, 'Template Manager', '', 0, 0, '', 'Templates', 'com_templates', 0, '', 1, '', 1),
(31, 'User Manager', '', 0, 0, '', 'Users', 'com_users', 0, '', 1, 'allowUserRegistration=1\nnew_usertype=Registered\nuseractivation=1\nfrontend_userparams=0\n\n', 1),
(32, 'Cache Manager', '', 0, 0, '', 'Cache', 'com_cache', 0, '', 1, '', 1),
(33, 'Control Panel', '', 0, 0, '', 'Control Panel', 'com_cpanel', 0, '', 1, '', 1),
(37, 'com_traitement', 'option=com_traitement', 0, 0, 'option=com_traitement', 'com_traitement', 'com_traitement', 0, 'js/ThemeOffice/component.png', 0, '', 1),
(36, 'com_readers', 'option=com_readers', 0, 0, 'option=com_readers', 'com_readers', 'com_readers', 0, 'js/ThemeOffice/component.png', 0, '', 1),
(38, 'Frontent Admin', 'option=com_aikadmin', 0, 0, 'option=com_aikadmin', 'Frontent Admin', 'com_aikadmin', 0, 'js/ThemeOffice/component.png', 0, '', 1),
(40, 'com_addreader', 'option=com_addreader', 0, 0, 'option=com_addreader', 'com_addreader', 'com_addreader', 0, 'js/ThemeOffice/component.png', 0, '', 1),
(41, 'com_addreaderval', 'option=com_addreaderval', 0, 0, 'option=com_addreaderval', 'com_addreaderval', 'com_addreaderval', 0, 'js/ThemeOffice/component.png', 0, '', 1),
(42, 'com_tag', 'option=com_tag', 0, 0, 'option=com_tag', 'com_tag', 'com_tag', 0, 'js/ThemeOffice/component.png', 0, '', 1),
(43, 'com_configuretag', 'option=com_configuretag', 0, 0, 'option=com_configuretag', 'com_configuretag', 'com_configuretag', 0, 'js/ThemeOffice/component.png', 0, '', 1),
(44, 'com_restag', 'option=com_restag', 0, 0, 'option=com_restag', 'com_restag', 'com_restag', 0, 'js/ThemeOffice/component.png', 0, '', 1),
(45, 'com_readertab', 'option=com_readertab', 0, 0, 'option=com_readertab', 'com_readertab', 'com_readertab', 0, 'js/ThemeOffice/component.png', 0, '', 1),
(46, 'ArchiDash', 'option=com_archidash', 0, 0, 'option=com_archidash', 'ArchiDash', 'com_archidash', 0, 'js/ThemeOffice/component.png', 0, '', 1),
(47, 'JCE', 'option=com_jce', 0, 0, 'option=com_jce', 'JCE', 'com_jce', 0, 'components/com_jce/media/img/menu/logo.png', 0, '', 1),
(48, 'WF_MENU_CPANEL', '', 0, 47, 'option=com_jce', 'WF_MENU_CPANEL', 'com_jce', 0, 'components/com_jce/media/img/menu/jce-cpanel.png', 0, '', 1),
(49, 'WF_MENU_CONFIG', '', 0, 47, 'option=com_jce&view=config', 'WF_MENU_CONFIG', 'com_jce', 1, 'components/com_jce/media/img/menu/jce-config.png', 0, '', 1),
(50, 'WF_MENU_PROFILES', '', 0, 47, 'option=com_jce&view=profiles', 'WF_MENU_PROFILES', 'com_jce', 2, 'components/com_jce/media/img/menu/jce-profiles.png', 0, '', 1),
(51, 'WF_MENU_INSTALL', '', 0, 47, 'option=com_jce&view=installer', 'WF_MENU_INSTALL', 'com_jce', 3, 'components/com_jce/media/img/menu/jce-install.png', 0, '', 1),
(52, 'jSecure Authentication', 'option=com_jsecure', 0, 0, 'option=com_jsecure', 'jSecure Authentication', 'com_jsecure', 0, 'components/com_jsecure/images/jSecure_icon_16x16.png', 0, '', 1),
(55, 'com_Demo', 'option=com_demo', 0, 0, 'option=com_demo', 'com_Demo', 'com_demo', 0, 'js/ThemeOffice/component.png', 0, '', 1),
(56, 'com_readertabpagination', 'option=com_readertabpagination', 0, 0, 'option=com_readertabpagination', 'com_readertabpagination', 'com_readertabpagination', 0, 'js/ThemeOffice/component.png', 0, '', 1),
(58, 'com_tagtab', 'option=com_tagtab', 0, 0, 'option=com_tagtab', 'com_tagtab', 'com_tagtab', 0, 'js/ThemeOffice/component.png', 0, '', 1),
(59, 'com_queryDB', 'option=com_querydb', 0, 0, 'option=com_querydb', 'com_queryDB', 'com_querydb', 0, 'js/ThemeOffice/component.png', 0, '', 1),
(60, 'com_TagsReader', 'option=com_tagsreader', 0, 0, 'option=com_tagsreader', 'com_TagsReader', 'com_tagsreader', 0, 'js/ThemeOffice/component.png', 0, '', 1),
(61, 'com_setreader', 'option=com_setreader', 0, 0, 'option=com_setreader', 'com_setreader', 'com_setreader', 0, 'js/ThemeOffice/component.png', 0, '', 1),
(62, 'com_system', 'option=com_system', 0, 0, 'option=com_system', 'com_system', 'com_system', 0, 'js/ThemeOffice/component.png', 0, '', 1),
(66, 'com_logging', 'option=com_logging', 0, 0, 'option=com_logging', 'com_logging', 'com_logging', 0, 'js/ThemeOffice/component.png', 0, '', 1),
(67, 'com_scenarios', 'option=com_scenarios', 0, 0, 'option=com_scenarios', 'com_scenarios', 'com_scenarios', 0, 'js/ThemeOffice/component.png', 0, '', 1),
(68, 'com_scReader', 'option=com_screader', 0, 0, 'option=com_screader', 'com_scReader', 'com_screader', 0, 'js/ThemeOffice/component.png', 0, '', 1),
(69, 'com_scSensor', 'option=com_scsensor', 0, 0, 'option=com_scsensor', 'com_scSensor', 'com_scsensor', 0, 'js/ThemeOffice/component.png', 0, '', 1),
(70, 'com_scTag', 'option=com_sctag', 0, 0, 'option=com_sctag', 'com_scTag', 'com_sctag', 0, 'js/ThemeOffice/component.png', 0, '', 1),
(71, 'com_TrackingTag', 'option=com_trackingtag', 0, 0, 'option=com_trackingtag', 'com_TrackingTag', 'com_trackingtag', 0, 'js/ThemeOffice/component.png', 0, '', 1),
(72, 'com_TrackingTagRes', 'option=com_trackingtagres', 0, 0, 'option=com_trackingtagres', 'com_TrackingTagRes', 'com_trackingtagres', 0, 'js/ThemeOffice/component.png', 0, '', 1),
(73, 'com_addactuator', 'option=com_addactuator', 0, 0, 'option=com_addactuator', 'com_addactuator', 'com_addactuator', 0, 'js/ThemeOffice/component.png', 0, '', 1),
(74, 'com_actuatortab', 'option=com_actuatortab', 0, 0, 'option=com_actuatortab', 'com_actuatortab', 'com_actuatortab', 0, 'js/ThemeOffice/component.png', 0, '', 1),
(75, 'com_devices', 'option=com_devices', 0, 0, 'option=com_devices', 'com_devices', 'com_devices', 0, 'js/ThemeOffice/component.png', 0, '', 1),
(76, 'com_addsensor', 'option=com_addsensor', 0, 0, 'option=com_addsensor', 'com_addsensor', 'com_addsensor', 0, 'js/ThemeOffice/component.png', 0, '', 1),
(77, 'com_sensortab', 'option=com_sensortab', 0, 0, 'option=com_sensortab', 'com_sensortab', 'com_sensortab', 0, 'js/ThemeOffice/component.png', 0, '', 1),
(78, 'com_actuators', 'option=com_actuators', 0, 0, 'option=com_actuators', 'com_actuators', 'com_actuators', 0, 'js/ThemeOffice/component.png', 0, '', 1),
(79, 'com_sensors', 'option=com_sensors', 0, 0, 'option=com_sensors', 'com_sensors', 'com_sensors', 0, 'js/ThemeOffice/component.png', 0, '', 1),
(80, 'com_showaction', 'option=com_showaction', 0, 0, 'option=com_showaction', 'com_showaction', 'com_showaction', 0, 'js/ThemeOffice/component.png', 0, '', 1),
(81, 'com_showscenario', 'option=com_showscenario', 0, 0, 'option=com_showscenario', 'com_showscenario', 'com_showscenario', 0, 'js/ThemeOffice/component.png', 0, '', 1),
(82, 'com_statisticstag', 'option=com_statisticstag', 0, 0, 'option=com_statisticstag', 'com_statisticstag', 'com_statisticstag', 0, 'js/ThemeOffice/component.png', 0, '', 1),
(83, 'com_showscenarioreader', 'option=com_showscenarioreader', 0, 0, 'option=com_showscenarioreader', 'com_showscenarioreader', 'com_showscenarioreader', 0, 'js/ThemeOffice/component.png', 0, '', 1),
(84, 'com_showscenariosensor', 'option=com_showscenariosensor', 0, 0, 'option=com_showscenariosensor', 'com_showscenariosensor', 'com_showscenariosensor', 0, 'js/ThemeOffice/component.png', 0, '', 1),
(85, 'com_about', 'option=com_about', 0, 0, 'option=com_about', 'com_about', 'com_about', 0, 'js/ThemeOffice/component.png', 0, '', 1),
(86, 'com_inventory', 'option=com_inventory', 0, 0, 'option=com_inventory', 'com_inventory', 'com_inventory', 0, 'js/ThemeOffice/component.png', 0, '', 1),
(87, 'com_map', 'option=com_map', 0, 0, 'option=com_map', 'com_map', 'com_map', 0, 'js/ThemeOffice/component.png', 0, '', 1);

-- --------------------------------------------------------

--
-- Structure de la table `jos_contact_details`
--

CREATE TABLE IF NOT EXISTS `jos_contact_details` (
  `id` int(11) NOT NULL AUTO_INCREMENT,
  `name` varchar(255) NOT NULL DEFAULT '',
  `alias` varchar(255) NOT NULL DEFAULT '',
  `con_position` varchar(255) DEFAULT NULL,
  `address` text,
  `suburb` varchar(100) DEFAULT NULL,
  `state` varchar(100) DEFAULT NULL,
  `country` varchar(100) DEFAULT NULL,
  `postcode` varchar(100) DEFAULT NULL,
  `telephone` varchar(255) DEFAULT NULL,
  `fax` varchar(255) DEFAULT NULL,
  `misc` mediumtext,
  `image` varchar(255) DEFAULT NULL,
  `imagepos` varchar(20) DEFAULT NULL,
  `email_to` varchar(255) DEFAULT NULL,
  `default_con` tinyint(1) unsigned NOT NULL DEFAULT '0',
  `published` tinyint(1) unsigned NOT NULL DEFAULT '0',
  `checked_out` int(11) unsigned NOT NULL DEFAULT '0',
  `checked_out_time` datetime NOT NULL DEFAULT '0000-00-00 00:00:00',
  `ordering` int(11) NOT NULL DEFAULT '0',
  `params` text NOT NULL,
  `user_id` int(11) NOT NULL DEFAULT '0',
  `catid` int(11) NOT NULL DEFAULT '0',
  `access` tinyint(3) unsigned NOT NULL DEFAULT '0',
  `mobile` varchar(255) NOT NULL DEFAULT '',
  `webpage` varchar(255) NOT NULL DEFAULT '',
  PRIMARY KEY (`id`),
  KEY `catid` (`catid`)
) ENGINE=MyISAM DEFAULT CHARSET=utf8 AUTO_INCREMENT=1 ;

-- --------------------------------------------------------

--
-- Structure de la table `jos_content`
--

CREATE TABLE IF NOT EXISTS `jos_content` (
  `id` int(11) unsigned NOT NULL AUTO_INCREMENT,
  `title` varchar(255) NOT NULL DEFAULT '',
  `alias` varchar(255) NOT NULL DEFAULT '',
  `title_alias` varchar(255) NOT NULL DEFAULT '',
  `introtext` mediumtext NOT NULL,
  `fulltext` mediumtext NOT NULL,
  `state` tinyint(3) NOT NULL DEFAULT '0',
  `sectionid` int(11) unsigned NOT NULL DEFAULT '0',
  `mask` int(11) unsigned NOT NULL DEFAULT '0',
  `catid` int(11) unsigned NOT NULL DEFAULT '0',
  `created` datetime NOT NULL DEFAULT '0000-00-00 00:00:00',
  `created_by` int(11) unsigned NOT NULL DEFAULT '0',
  `created_by_alias` varchar(255) NOT NULL DEFAULT '',
  `modified` datetime NOT NULL DEFAULT '0000-00-00 00:00:00',
  `modified_by` int(11) unsigned NOT NULL DEFAULT '0',
  `checked_out` int(11) unsigned NOT NULL DEFAULT '0',
  `checked_out_time` datetime NOT NULL DEFAULT '0000-00-00 00:00:00',
  `publish_up` datetime NOT NULL DEFAULT '0000-00-00 00:00:00',
  `publish_down` datetime NOT NULL DEFAULT '0000-00-00 00:00:00',
  `images` text NOT NULL,
  `urls` text NOT NULL,
  `attribs` text NOT NULL,
  `version` int(11) unsigned NOT NULL DEFAULT '1',
  `parentid` int(11) unsigned NOT NULL DEFAULT '0',
  `ordering` int(11) NOT NULL DEFAULT '0',
  `metakey` text NOT NULL,
  `metadesc` text NOT NULL,
  `access` int(11) unsigned NOT NULL DEFAULT '0',
  `hits` int(11) unsigned NOT NULL DEFAULT '0',
  `metadata` text NOT NULL,
  PRIMARY KEY (`id`),
  KEY `idx_section` (`sectionid`),
  KEY `idx_access` (`access`),
  KEY `idx_checkout` (`checked_out`),
  KEY `idx_state` (`state`),
  KEY `idx_catid` (`catid`),
  KEY `idx_createdby` (`created_by`)
) ENGINE=MyISAM  DEFAULT CHARSET=utf8 AUTO_INCREMENT=3 ;

--
-- Contenu de la table `jos_content`
--

INSERT INTO `jos_content` (`id`, `title`, `alias`, `title_alias`, `introtext`, `fulltext`, `state`, `sectionid`, `mask`, `catid`, `created`, `created_by`, `created_by_alias`, `modified`, `modified_by`, `checked_out`, `checked_out_time`, `publish_up`, `publish_down`, `images`, `urls`, `attribs`, `version`, `parentid`, `ordering`, `metakey`, `metadesc`, `access`, `hits`, `metadata`) VALUES
(1, 'teser', 'teser', '', 'tesetese resdddddd', '', 1, 1, 0, 1, '2011-12-17 15:37:09', 62, '', '0000-00-00 00:00:00', 0, 0, '0000-00-00 00:00:00', '2011-12-17 15:37:09', '0000-00-00 00:00:00', '', '', 'show_title=\nlink_titles=\nshow_intro=\nshow_section=\nlink_section=\nshow_category=\nlink_category=\nshow_vote=\nshow_author=\nshow_create_date=\nshow_modify_date=\nshow_pdf_icon=\nshow_print_icon=\nshow_email_icon=\nlanguage=\nkeyref=\nreadmore=', 1, 0, 1, '', '', 0, 0, 'robots=\nauthor='),
(2, 'Notification', 'notification', '', 'mod_vertical_notifications', '', 1, 1, 0, 2, '2011-12-17 21:52:25', 62, '', '2011-12-17 21:52:55', 62, 0, '0000-00-00 00:00:00', '2011-12-17 21:52:25', '0000-00-00 00:00:00', '', '', 'show_title=\nlink_titles=\nshow_intro=\nshow_section=\nlink_section=\nshow_category=\nlink_category=\nshow_vote=\nshow_author=\nshow_create_date=\nshow_modify_date=\nshow_pdf_icon=\nshow_print_icon=\nshow_email_icon=\nlanguage=\nkeyref=\nreadmore=', 2, 0, 1, '', '', 0, 0, 'robots=\nauthor=');

-- --------------------------------------------------------

--
-- Structure de la table `jos_content_frontpage`
--

CREATE TABLE IF NOT EXISTS `jos_content_frontpage` (
  `content_id` int(11) NOT NULL DEFAULT '0',
  `ordering` int(11) NOT NULL DEFAULT '0',
  PRIMARY KEY (`content_id`)
) ENGINE=MyISAM DEFAULT CHARSET=utf8;

-- --------------------------------------------------------

--
-- Structure de la table `jos_content_rating`
--

CREATE TABLE IF NOT EXISTS `jos_content_rating` (
  `content_id` int(11) NOT NULL DEFAULT '0',
  `rating_sum` int(11) unsigned NOT NULL DEFAULT '0',
  `rating_count` int(11) unsigned NOT NULL DEFAULT '0',
  `lastip` varchar(50) NOT NULL DEFAULT '',
  PRIMARY KEY (`content_id`)
) ENGINE=MyISAM DEFAULT CHARSET=utf8;

-- --------------------------------------------------------

--
-- Structure de la table `jos_core_acl_aro`
--

CREATE TABLE IF NOT EXISTS `jos_core_acl_aro` (
  `id` int(11) NOT NULL AUTO_INCREMENT,
  `section_value` varchar(240) NOT NULL DEFAULT '0',
  `value` varchar(240) NOT NULL DEFAULT '',
  `order_value` int(11) NOT NULL DEFAULT '0',
  `name` varchar(255) NOT NULL DEFAULT '',
  `hidden` int(11) NOT NULL DEFAULT '0',
  PRIMARY KEY (`id`),
  UNIQUE KEY `jos_section_value_value_aro` (`section_value`(100),`value`(100)),
  KEY `jos_gacl_hidden_aro` (`hidden`)
) ENGINE=MyISAM  DEFAULT CHARSET=utf8 AUTO_INCREMENT=26 ;

--
-- Contenu de la table `jos_core_acl_aro`
--

INSERT INTO `jos_core_acl_aro` (`id`, `section_value`, `value`, `order_value`, `name`, `hidden`) VALUES
(10, 'users', '62', 0, 'Administrator', 0),
(17, 'users', '69', 0, 'tt', 0),
(20, 'users', '72', 0, 'papa', 0),
(25, 'users', '77', 0, 'abderrahim', 0);

-- --------------------------------------------------------

--
-- Structure de la table `jos_core_acl_aro_groups`
--

CREATE TABLE IF NOT EXISTS `jos_core_acl_aro_groups` (
  `id` int(11) NOT NULL AUTO_INCREMENT,
  `parent_id` int(11) NOT NULL DEFAULT '0',
  `name` varchar(255) NOT NULL DEFAULT '',
  `lft` int(11) NOT NULL DEFAULT '0',
  `rgt` int(11) NOT NULL DEFAULT '0',
  `value` varchar(255) NOT NULL DEFAULT '',
  PRIMARY KEY (`id`),
  KEY `jos_gacl_parent_id_aro_groups` (`parent_id`),
  KEY `jos_gacl_lft_rgt_aro_groups` (`lft`,`rgt`)
) ENGINE=MyISAM  DEFAULT CHARSET=utf8 AUTO_INCREMENT=31 ;

--
-- Contenu de la table `jos_core_acl_aro_groups`
--

INSERT INTO `jos_core_acl_aro_groups` (`id`, `parent_id`, `name`, `lft`, `rgt`, `value`) VALUES
(17, 0, 'ROOT', 1, 22, 'ROOT'),
(28, 17, 'USERS', 2, 21, 'USERS'),
(29, 28, 'Public Frontend', 3, 12, 'Public Frontend'),
(18, 29, 'Registered', 4, 11, 'Registered'),
(30, 28, 'Public Backend', 13, 20, 'Public Backend'),
(24, 23, 'Administrator', 15, 18, 'Administrator'),
(25, 24, 'Super Administrator', 16, 17, 'Super Administrator');

-- --------------------------------------------------------

--
-- Structure de la table `jos_core_acl_aro_map`
--

CREATE TABLE IF NOT EXISTS `jos_core_acl_aro_map` (
  `acl_id` int(11) NOT NULL DEFAULT '0',
  `section_value` varchar(230) NOT NULL DEFAULT '0',
  `value` varchar(100) NOT NULL,
  PRIMARY KEY (`acl_id`,`section_value`,`value`)
) ENGINE=MyISAM DEFAULT CHARSET=utf8;

-- --------------------------------------------------------

--
-- Structure de la table `jos_core_acl_aro_sections`
--

CREATE TABLE IF NOT EXISTS `jos_core_acl_aro_sections` (
  `id` int(11) NOT NULL AUTO_INCREMENT,
  `value` varchar(230) NOT NULL DEFAULT '',
  `order_value` int(11) NOT NULL DEFAULT '0',
  `name` varchar(230) NOT NULL DEFAULT '',
  `hidden` int(11) NOT NULL DEFAULT '0',
  PRIMARY KEY (`id`),
  UNIQUE KEY `jos_gacl_value_aro_sections` (`value`),
  KEY `jos_gacl_hidden_aro_sections` (`hidden`)
) ENGINE=MyISAM  DEFAULT CHARSET=utf8 AUTO_INCREMENT=11 ;

--
-- Contenu de la table `jos_core_acl_aro_sections`
--

INSERT INTO `jos_core_acl_aro_sections` (`id`, `value`, `order_value`, `name`, `hidden`) VALUES
(10, 'users', 1, 'Users', 0);

-- --------------------------------------------------------

--
-- Structure de la table `jos_core_acl_groups_aro_map`
--

CREATE TABLE IF NOT EXISTS `jos_core_acl_groups_aro_map` (
  `group_id` int(11) NOT NULL DEFAULT '0',
  `section_value` varchar(240) NOT NULL DEFAULT '',
  `aro_id` int(11) NOT NULL DEFAULT '0',
  UNIQUE KEY `group_id_aro_id_groups_aro_map` (`group_id`,`section_value`,`aro_id`)
) ENGINE=MyISAM DEFAULT CHARSET=utf8;

--
-- Contenu de la table `jos_core_acl_groups_aro_map`
--

INSERT INTO `jos_core_acl_groups_aro_map` (`group_id`, `section_value`, `aro_id`) VALUES
(18, '', 25),
(25, '', 10),
(25, '', 17),
(25, '', 20);

-- --------------------------------------------------------

--
-- Structure de la table `jos_core_log_items`
--

CREATE TABLE IF NOT EXISTS `jos_core_log_items` (
  `time_stamp` date NOT NULL DEFAULT '0000-00-00',
  `item_table` varchar(50) NOT NULL DEFAULT '',
  `item_id` int(11) unsigned NOT NULL DEFAULT '0',
  `hits` int(11) unsigned NOT NULL DEFAULT '0'
) ENGINE=MyISAM DEFAULT CHARSET=utf8;

-- --------------------------------------------------------

--
-- Structure de la table `jos_core_log_searches`
--

CREATE TABLE IF NOT EXISTS `jos_core_log_searches` (
  `search_term` varchar(128) NOT NULL DEFAULT '',
  `hits` int(11) unsigned NOT NULL DEFAULT '0'
) ENGINE=MyISAM DEFAULT CHARSET=utf8;

-- --------------------------------------------------------

--
-- Structure de la table `jos_groups`
--

CREATE TABLE IF NOT EXISTS `jos_groups` (
  `id` tinyint(3) unsigned NOT NULL DEFAULT '0',
  `name` varchar(50) NOT NULL DEFAULT '',
  PRIMARY KEY (`id`)
) ENGINE=MyISAM DEFAULT CHARSET=utf8;

--
-- Contenu de la table `jos_groups`
--

INSERT INTO `jos_groups` (`id`, `name`) VALUES
(0, 'Public'),
(1, 'Registered'),
(2, 'Special');

-- --------------------------------------------------------

--
-- Structure de la table `jos_menu`
--

CREATE TABLE IF NOT EXISTS `jos_menu` (
  `id` int(11) NOT NULL AUTO_INCREMENT,
  `menutype` varchar(75) DEFAULT NULL,
  `name` varchar(255) DEFAULT NULL,
  `alias` varchar(255) NOT NULL DEFAULT '',
  `link` text,
  `type` varchar(50) NOT NULL DEFAULT '',
  `published` tinyint(1) NOT NULL DEFAULT '0',
  `parent` int(11) unsigned NOT NULL DEFAULT '0',
  `componentid` int(11) unsigned NOT NULL DEFAULT '0',
  `sublevel` int(11) DEFAULT '0',
  `ordering` int(11) DEFAULT '0',
  `checked_out` int(11) unsigned NOT NULL DEFAULT '0',
  `checked_out_time` datetime NOT NULL DEFAULT '0000-00-00 00:00:00',
  `pollid` int(11) NOT NULL DEFAULT '0',
  `browserNav` tinyint(4) DEFAULT '0',
  `access` tinyint(3) unsigned NOT NULL DEFAULT '0',
  `utaccess` tinyint(3) unsigned NOT NULL DEFAULT '0',
  `params` text NOT NULL,
  `lft` int(11) unsigned NOT NULL DEFAULT '0',
  `rgt` int(11) unsigned NOT NULL DEFAULT '0',
  `home` int(1) unsigned NOT NULL DEFAULT '0',
  PRIMARY KEY (`id`),
  KEY `componentid` (`componentid`,`menutype`,`published`,`access`),
  KEY `menutype` (`menutype`)
) ENGINE=MyISAM  DEFAULT CHARSET=utf8 AUTO_INCREMENT=55 ;

--
-- Contenu de la table `jos_menu`
--

INSERT INTO `jos_menu` (`id`, `menutype`, `name`, `alias`, `link`, `type`, `published`, `parent`, `componentid`, `sublevel`, `ordering`, `checked_out`, `checked_out_time`, `pollid`, `browserNav`, `access`, `utaccess`, `params`, `lft`, `rgt`, `home`) VALUES
(1, 'mainmenu', 'Home', 'home', 'index.php?option=com_content&view=frontpage', 'component', 1, 0, 20, 0, 2, 0, '0000-00-00 00:00:00', 0, 0, 0, 3, 'num_leading_articles=1\nnum_intro_articles=4\nnum_columns=2\nnum_links=4\norderby_pri=\norderby_sec=front\nmulti_column_order=1\nshow_pagination=2\nshow_pagination_results=1\nshow_feed_link=1\nshow_noauth=\nshow_title=\nlink_titles=\nshow_intro=\nshow_section=\nlink_section=\nshow_category=\nlink_category=\nshow_author=\nshow_create_date=\nshow_modify_date=\nshow_item_navigation=\nshow_readmore=\nshow_vote=\nshow_icons=\nshow_pdf_icon=\nshow_print_icon=\nshow_email_icon=\nshow_hits=\nfeed_summary=\npage_title=\nshow_page_title=1\npageclass_sfx=\nmenu_image=-1\nsecure=0\n\n', 0, 0, 1),
(8, 'mainmenu', 'Traitement', 'traitement', 'index.php?option=com_traitement&view=traitement', 'component', 0, 5, 37, 1, 1, 0, '0000-00-00 00:00:00', 0, 0, 0, 0, 'page_title=\nshow_page_title=1\npageclass_sfx=\nmenu_image=-1\nsecure=0\n\n', 0, 0, 0),
(5, 'mainmenu', 'Readers', 'readers', 'index.php?option=com_readers&view=readers', 'component', 1, 0, 36, 0, 3, 0, '0000-00-00 00:00:00', 0, 0, 2, 0, 'page_title=\nshow_page_title=1\npageclass_sfx=\nmenu_image=-1\nsecure=0\n\n', 0, 0, 0),
(4, 'Hiden', 'Traitement', 'traitement', 'index.php?option=com_traitement&view=traitement', 'component', -2, 0, 35, 0, 1, 0, '0000-00-00 00:00:00', 0, 0, 2, 0, 'page_title=\nshow_page_title=1\npageclass_sfx=\nmenu_image=-1\nsecure=0\n\n', 0, 0, 0),
(7, 'mainmenu', 'User manager', 'user-manager', 'index.php?option=com_aikadmin&c=users', 'url', 1, 27, 0, 1, 5, 0, '0000-00-00 00:00:00', 0, 0, 2, 0, 'menu_image=-1\n\n', 0, 0, 0),
(9, 'mainmenu', 'Add_Reader', 'addreader', 'index.php?option=com_addreader&view=AddReader', 'component', -2, 0, 39, 1, 9, 0, '0000-00-00 00:00:00', 0, 0, 0, 0, 'page_title=\nshow_page_title=1\npageclass_sfx=\nmenu_image=-1\nsecure=0\n\n', 0, 0, 0),
(10, 'mainmenu', 'Add Reader', 'addreader', 'index.php?option=com_addreader&view=addreader', 'component', 1, 5, 40, 1, 2, 0, '0000-00-00 00:00:00', 0, 0, 2, 0, 'page_title=\nshow_page_title=1\npageclass_sfx=\nmenu_image=-1\nsecure=0\n\n', 0, 0, 0),
(11, 'Hiden', 'Add_Reader_Val', 'addreaderval', 'index.php?option=com_addreaderval&view=addreaderval', 'component', 1, 0, 41, 0, 2, 0, '0000-00-00 00:00:00', 0, 0, 2, 0, 'page_title=\nshow_page_title=1\npageclass_sfx=\nmenu_image=-1\nsecure=0\n\n', 0, 0, 0),
(12, 'mainmenu', 'Tags', 'tags', 'index.php?option=com_tag&view=tag', 'component', 1, 0, 42, 0, 10, 0, '0000-00-00 00:00:00', 0, 0, 2, 0, 'page_title=\nshow_page_title=1\npageclass_sfx=\nmenu_image=-1\nsecure=0\n\n', 0, 0, 0),
(13, 'mainmenu', 'Activate tag', 'configuretag', 'index.php?option=com_configuretag&view=configuretag', 'component', 1, 12, 43, 1, 1, 0, '0000-00-00 00:00:00', 0, 0, 0, 0, 'page_title=\nshow_page_title=0\npageclass_sfx=\nmenu_image=-1\nsecure=0\n\n', 0, 0, 0),
(14, 'Hiden', 'configure_tag_res', 'configuretagres', 'index.php?option=com_restag&view=restag', 'component', 1, 0, 44, 0, 3, 0, '0000-00-00 00:00:00', 0, 0, 2, 0, 'page_title=\nshow_page_title=0\npageclass_sfx=\nmenu_image=-1\nsecure=0\n\n', 0, 0, 0),
(15, 'mainmenu', 'Show Readers', 'configurereaders', 'index.php?option=com_readertab&view=readertab', 'component', 1, 5, 45, 1, 3, 0, '0000-00-00 00:00:00', 0, 0, 1, 0, 'page_title=\nshow_page_title=1\npageclass_sfx=\nmenu_image=-1\nsecure=0\n\n', 0, 0, 0),
(16, 'mainmenu', 'statistics', 'statistics', 'index.php?option=com_archidash', 'component', -2, 0, 46, 0, 8, 0, '0000-00-00 00:00:00', 0, 0, 0, 0, 'page_title=\nshow_page_title=1\npageclass_sfx=\nmenu_image=-1\nsecure=0\n\n', 0, 0, 0),
(17, 'Hiden', 'tag_res', 'tagres', 'index.php?option=com_restag&view=restag', 'component', -2, 0, 44, 0, 4, 0, '0000-00-00 00:00:00', 0, 0, 0, 0, 'page_title=\nshow_page_title=1\npageclass_sfx=\nmenu_image=-1\nsecure=0\n\n', 0, 0, 0),
(18, 'mainmenu', 'Statistics', 'statistics', 'index.php?option=com_wrapper&view=wrapper', 'component', 1, 0, 17, 0, 13, 0, '0000-00-00 00:00:00', 0, 0, 2, 0, 'url=/TrackIot/jpgraph/src/test_line_readers.php\nscrolling=auto\nwidth=100%\nheight=800\nheight_auto=0\nadd_scheme=1\npage_title=\nshow_page_title=0\npageclass_sfx=\nmenu_image=-1\nsecure=0\n\n', 0, 0, 0),
(19, 'mainmenu', 'Demo', 'demo', 'index.php?option=com_demo&view=Demo', 'component', -2, 0, 54, 0, 7, 0, '0000-00-00 00:00:00', 0, 0, 0, 0, 'page_title=\nshow_page_title=1\npageclass_sfx=\nmenu_image=-1\nsecure=0\n\n', 0, 0, 0),
(20, 'mainmenu', 'Demo', 'demo', 'index.php?option=com_demo&view=Demo', 'component', 0, 0, 55, 0, 14, 0, '0000-00-00 00:00:00', 0, 0, 0, 0, 'page_title=\nshow_page_title=1\npageclass_sfx=\nmenu_image=-1\nsecure=0\n\n', 0, 0, 0),
(21, 'mainmenu', 'Readers Conf', 'readers-conf', 'index.php?option=com_readertabpagination&view=readertabpagination', 'component', 0, 0, 56, 0, 15, 0, '0000-00-00 00:00:00', 0, 0, 0, 0, 'page_title=\nshow_page_title=1\npageclass_sfx=\nmenu_image=-1\nsecure=0\n\n', 0, 0, 0),
(22, 'mainmenu', 'configure_tag', 'configuretag', 'index.php?option=com_tagtab&view=tagtab', 'component', -2, 0, 57, 1, 6, 0, '0000-00-00 00:00:00', 0, 0, 0, 0, 'page_title=\nshow_page_title=1\npageclass_sfx=\nmenu_image=-1\nsecure=0\n\n', 0, 0, 0),
(23, 'mainmenu', 'Show tags', 'configuretag', 'index.php?option=com_tagtab&view=tagtab', 'component', 1, 12, 58, 1, 2, 0, '0000-00-00 00:00:00', 0, 0, 1, 0, 'page_title=\nshow_page_title=1\npageclass_sfx=\nmenu_image=-1\nsecure=0\n\n', 0, 0, 0),
(24, 'mainmenu', 'Query Database', 'querydatabase', 'index.php?option=com_querydb&view=queryDB', 'component', 1, 27, 59, 1, 3, 0, '0000-00-00 00:00:00', 0, 0, 1, 0, 'page_title=\nshow_page_title=1\npageclass_sfx=\nmenu_image=-1\nsecure=0\n\n', 0, 0, 0),
(37, 'Hiden', 'TrackingTagRes', 'trackingtagres', 'index.php?option=com_trackingtagres&view=TrackingTagRes', 'component', 1, 0, 72, 0, 5, 0, '0000-00-00 00:00:00', 0, 1, 2, 0, 'page_title=\nshow_page_title=1\npageclass_sfx=\nmenu_image=-1\nsecure=0\n\n', 0, 0, 0),
(25, 'mainmenu', 'Tag''s Reader', 'tags-reader', 'index.php?option=com_tagsreader&view=TagsReader', 'component', 1, 12, 60, 1, 3, 0, '0000-00-00 00:00:00', 0, 0, 1, 0, 'page_title=\nshow_page_title=1\npageclass_sfx=\nmenu_image=-1\nsecure=0\n\n', 0, 0, 0),
(26, 'mainmenu', 'Actions - Commands', 'set-reader-action', 'index.php?option=com_setreader&view=setreader', 'component', 1, 27, 61, 1, 1, 0, '0000-00-00 00:00:00', 0, 0, 1, 0, 'page_title=\nshow_page_title=1\npageclass_sfx=\nmenu_image=-1\nsecure=0\n\n', 0, 0, 0),
(27, 'mainmenu', 'System', 'system', 'index.php?option=com_system&view=system', 'component', 1, 0, 62, 0, 16, 0, '0000-00-00 00:00:00', 0, 0, 2, 0, 'page_title=\nshow_page_title=1\npageclass_sfx=\nmenu_image=-1\nsecure=0\n\n', 0, 0, 0),
(45, 'mainmenu', 'Show Action', 'show-action', 'index.php?option=com_showaction&view=showaction', 'component', 1, 27, 80, 1, 2, 0, '0000-00-00 00:00:00', 0, 0, 1, 0, 'page_title=\nshow_page_title=0\npageclass_sfx=\nmenu_image=-1\nsecure=0\n\n', 0, 0, 0),
(28, 'mainmenu', 'Logging', 'logging', 'index.php?option=com_logging&view=logging', 'component', -2, 0, 63, 1, 5, 0, '0000-00-00 00:00:00', 0, 0, 1, 0, 'page_title=\nshow_page_title=1\npageclass_sfx=\nmenu_image=-1\nsecure=0\n\n', 0, 0, 0),
(29, 'mainmenu', 'Logging', 'logging', 'index.php?option=com_logging&view=logging', 'component', -2, 0, 64, 1, 4, 0, '0000-00-00 00:00:00', 0, 0, 1, 0, 'page_title=\nshow_page_title=1\npageclass_sfx=\nmenu_image=-1\nsecure=0\n\n', 0, 0, 0),
(30, 'mainmenu', 'Logging', 'logging', 'index.php?option=com_logging&view=logging', 'component', -2, 0, 65, 1, 1, 0, '0000-00-00 00:00:00', 0, 0, 1, 0, 'page_title=\nshow_page_title=1\npageclass_sfx=\nmenu_image=-1\nsecure=0\n\n', 0, 0, 0),
(31, 'mainmenu', 'Logging', 'logging', 'index.php?option=com_logging&view=logging', 'component', 1, 27, 66, 1, 4, 0, '0000-00-00 00:00:00', 0, 0, 1, 0, 'page_title=\nshow_page_title=1\npageclass_sfx=\nmenu_image=-1\nsecure=0\n\n', 0, 0, 0),
(32, 'mainmenu', 'Scenarios', 'scenarios', 'index.php?option=com_scenarios&view=scenarios', 'component', 1, 0, 67, 0, 17, 0, '0000-00-00 00:00:00', 0, 0, 2, 0, 'page_title=\nshow_page_title=1\npageclass_sfx=\nmenu_image=-1\nsecure=0\n\n', 0, 0, 0),
(33, 'mainmenu', 'Scenario Tag', 'scenario-tags', 'index.php?option=com_wrapper&view=wrapper', 'component', 1, 32, 17, 1, 1, 0, '0000-00-00 00:00:00', 0, 0, 1, 0, 'url=/TrackIot/components/com_sctag/views/scTag/tmpl/scenario_tag.php\nscrolling=auto\nwidth=100%\nheight=500\nheight_auto=0\nadd_scheme=1\npage_title=\nshow_page_title=0\npageclass_sfx=\nmenu_image=-1\nsecure=0\n\n', 0, 0, 0),
(34, 'mainmenu', 'Scenario Reader', 'scenario-readers', 'index.php?option=com_wrapper&view=wrapper', 'component', 1, 32, 17, 1, 2, 0, '0000-00-00 00:00:00', 0, 0, 1, 0, 'url=/TrackIot/components/com_screader/views/screader/tmpl/scenario_reader.php\nscrolling=auto\nwidth=100%\nheight=500\nheight_auto=0\nadd_scheme=1\npage_title=\nshow_page_title=0\npageclass_sfx=\nmenu_image=-1\nsecure=0\n\n', 0, 0, 0),
(35, 'mainmenu', 'Scenario Sensor', 'scenario-sensors', 'index.php?option=com_wrapper&view=wrapper', 'component', 1, 32, 17, 1, 3, 0, '0000-00-00 00:00:00', 0, 0, 1, 0, 'url=/TrackIot/components/com_scsensor/views/scSensor/tmpl/scenario_sensor.php\nscrolling=auto\nwidth=100%\nheight=500\nheight_auto=0\nadd_scheme=1\npage_title=\nshow_page_title=0\npageclass_sfx=\nmenu_image=-1\nsecure=0\n\n', 0, 0, 0),
(36, 'mainmenu', 'Tracking Tag', 'tracking-tag', 'index.php?option=com_trackingtag&view=TrackingTag', 'component', 1, 12, 71, 1, 4, 0, '0000-00-00 00:00:00', 0, 0, 1, 0, 'page_title=\nshow_page_title=1\npageclass_sfx=\nmenu_image=-1\nsecure=0\n\n', 0, 0, 0),
(47, 'mainmenu', 'Show Scenario Tag', 'show-scenario', 'index.php?option=com_showscenario&view=showscenario', 'component', 1, 32, 81, 1, 4, 0, '0000-00-00 00:00:00', 0, 0, 1, 0, 'page_title=\nshow_page_title=1\npageclass_sfx=\nmenu_image=-1\nsecure=0\n\n', 0, 0, 0),
(38, 'mainmenu', 'Add_Actuators', 'actuators', 'index.php?option=com_addactuator&view=addactuator', 'component', 1, 43, 73, 1, 1, 0, '0000-00-00 00:00:00', 0, 0, 1, 0, 'page_title=\nshow_page_title=1\npageclass_sfx=\nmenu_image=-1\nsecure=0\n\n', 0, 0, 0),
(39, 'mainmenu', 'Show Actuators', 'configureactuators', 'index.php?option=com_actuatortab&view=actuatortab', 'component', 1, 43, 74, 1, 2, 0, '0000-00-00 00:00:00', 0, 0, 1, 0, 'page_title=\nshow_page_title=1\npageclass_sfx=\nmenu_image=-1\nsecure=0\n\n', 0, 0, 0),
(40, 'mainmenu', 'Devices', 'devices', 'index.php?option=com_devices&view=devices', 'component', 0, 0, 75, 0, 18, 0, '0000-00-00 00:00:00', 0, 0, 1, 0, 'page_title=\nshow_page_title=1\npageclass_sfx=\nmenu_image=-1\nsecure=0\n\n', 0, 0, 0),
(41, 'mainmenu', 'Add_Sensors', 'sensors', 'index.php?option=com_addsensor&view=addsensor', 'component', 1, 44, 76, 1, 1, 0, '0000-00-00 00:00:00', 0, 0, 1, 0, 'page_title=\nshow_page_title=1\npageclass_sfx=\nmenu_image=-1\nsecure=0\n\n', 0, 0, 0),
(42, 'mainmenu', 'Show Sensors', 'configuresensors', 'index.php?option=com_sensortab&view=sensortab', 'component', 1, 44, 77, 1, 2, 0, '0000-00-00 00:00:00', 0, 0, 1, 0, 'page_title=\nshow_page_title=1\npageclass_sfx=\nmenu_image=-1\nsecure=0\n\n', 0, 0, 0),
(43, 'mainmenu', 'Actuators', 'actuators', 'index.php?option=com_actuators&view=actuators', 'component', 1, 0, 78, 0, 11, 0, '0000-00-00 00:00:00', 0, 0, 2, 0, 'page_title=\nshow_page_title=1\npageclass_sfx=\nmenu_image=-1\nsecure=0\n\n', 0, 0, 0),
(44, 'mainmenu', 'Sensors', 'sensors', 'index.php?option=com_sensors&view=sensors', 'component', 1, 0, 79, 0, 12, 0, '0000-00-00 00:00:00', 0, 0, 2, 0, 'page_title=\nshow_page_title=1\npageclass_sfx=\nmenu_image=-1\nsecure=0\n\n', 0, 0, 0),
(46, 'Hiden', 'showaction_wrapper', 'showactionwrapper', 'index.php?option=com_wrapper&view=wrapper', 'component', 1, 0, 17, 0, 6, 0, '0000-00-00 00:00:00', 0, 0, 0, 0, 'url=/TrackIot/components/com_showaction/views/showaction/tmpl/show_action.php\nscrolling=auto\nwidth=100%\nheight=500\nheight_auto=0\nadd_scheme=1\npage_title=\nshow_page_title=0\npageclass_sfx=\nmenu_image=-1\nsecure=0\n\n', 0, 0, 0),
(48, 'mainmenu', 'Statistics Tags', 'statistics-tags', 'index.php?option=com_wrapper&view=wrapper', 'component', 1, 18, 17, 1, 2, 0, '0000-00-00 00:00:00', 0, 0, 1, 0, 'url=/TrackIot/jpgraph/src/test_line_tags.php\nscrolling=auto\nwidth=100%\nheight=500\nheight_auto=0\nadd_scheme=1\npage_title=\nshow_page_title=0\npageclass_sfx=\nmenu_image=-1\nsecure=0\n\n', 0, 0, 0),
(49, 'mainmenu', 'Statistics Readers', 'statistics-readers', 'index.php?option=com_wrapper&view=wrapper', 'component', 1, 18, 17, 1, 1, 0, '0000-00-00 00:00:00', 0, 0, 0, 0, 'url=/TrackIot/jpgraph/src/test_line_readers.php\nscrolling=auto\nwidth=100%\nheight=500\nheight_auto=0\nadd_scheme=1\npage_title=\nshow_page_title=0\npageclass_sfx=\nmenu_image=-1\nsecure=0\n\n', 0, 0, 0),
(50, 'mainmenu', 'Show Scenario Reader', 'show-scenario-reader', 'index.php?option=com_showscenarioreader&view=showscenarioreader', 'component', 1, 32, 83, 1, 5, 0, '0000-00-00 00:00:00', 0, 0, 1, 0, 'page_title=\nshow_page_title=1\npageclass_sfx=\nmenu_image=-1\nsecure=0\n\n', 0, 0, 0),
(51, 'mainmenu', 'Show Scenario Sensor', 'show-scenario-sensor', 'index.php?option=com_showscenariosensor&view=showscenariosensor', 'component', 1, 32, 84, 1, 6, 0, '0000-00-00 00:00:00', 0, 0, 1, 0, 'page_title=\nshow_page_title=1\npageclass_sfx=\nmenu_image=-1\nsecure=0\n\n', 0, 0, 0),
(52, 'mainmenu', 'About', 'about', 'index.php?option=com_about&view=about', 'component', 1, 0, 85, 0, 19, 0, '0000-00-00 00:00:00', 0, 0, 0, 0, 'page_title=\nshow_page_title=1\npageclass_sfx=\nmenu_image=-1\nsecure=0\n\n', 0, 0, 0),
(53, 'mainmenu', 'Inventory', 'inventory', 'index.php?option=com_inventory&view=inventory', 'component', 1, 5, 86, 1, 4, 0, '0000-00-00 00:00:00', 0, 0, 1, 0, 'page_title=\nshow_page_title=1\npageclass_sfx=\nmenu_image=-1\nsecure=0\n\n', 0, 0, 0),
(54, 'mainmenu', 'Map', 'map', 'index.php?option=com_map&view=map', 'component', 1, 27, 87, 1, 6, 0, '0000-00-00 00:00:00', 0, 0, 0, 0, 'page_title=\nshow_page_title=1\npageclass_sfx=\nmenu_image=-1\nsecure=0\n\n', 0, 0, 0);

-- --------------------------------------------------------

--
-- Structure de la table `jos_menu_types`
--

CREATE TABLE IF NOT EXISTS `jos_menu_types` (
  `id` int(10) unsigned NOT NULL AUTO_INCREMENT,
  `menutype` varchar(75) NOT NULL DEFAULT '',
  `title` varchar(255) NOT NULL DEFAULT '',
  `description` varchar(255) NOT NULL DEFAULT '',
  PRIMARY KEY (`id`),
  UNIQUE KEY `menutype` (`menutype`)
) ENGINE=MyISAM  DEFAULT CHARSET=utf8 AUTO_INCREMENT=3 ;

--
-- Contenu de la table `jos_menu_types`
--

INSERT INTO `jos_menu_types` (`id`, `menutype`, `title`, `description`) VALUES
(1, 'mainmenu', 'Main Menu', 'The main menu for the site'),
(2, 'Hiden', 'hiden', 'hidden');

-- --------------------------------------------------------

--
-- Structure de la table `jos_messages`
--

CREATE TABLE IF NOT EXISTS `jos_messages` (
  `message_id` int(10) unsigned NOT NULL AUTO_INCREMENT,
  `user_id_from` int(10) unsigned NOT NULL DEFAULT '0',
  `user_id_to` int(10) unsigned NOT NULL DEFAULT '0',
  `folder_id` int(10) unsigned NOT NULL DEFAULT '0',
  `date_time` datetime NOT NULL DEFAULT '0000-00-00 00:00:00',
  `state` int(11) NOT NULL DEFAULT '0',
  `priority` int(1) unsigned NOT NULL DEFAULT '0',
  `subject` text NOT NULL,
  `message` text NOT NULL,
  PRIMARY KEY (`message_id`),
  KEY `useridto_state` (`user_id_to`,`state`)
) ENGINE=MyISAM DEFAULT CHARSET=utf8 AUTO_INCREMENT=1 ;

-- --------------------------------------------------------

--
-- Structure de la table `jos_messages_cfg`
--

CREATE TABLE IF NOT EXISTS `jos_messages_cfg` (
  `user_id` int(10) unsigned NOT NULL DEFAULT '0',
  `cfg_name` varchar(100) NOT NULL DEFAULT '',
  `cfg_value` varchar(255) NOT NULL DEFAULT '',
  UNIQUE KEY `idx_user_var_name` (`user_id`,`cfg_name`)
) ENGINE=MyISAM DEFAULT CHARSET=utf8;

-- --------------------------------------------------------

--
-- Structure de la table `jos_migration_backlinks`
--

CREATE TABLE IF NOT EXISTS `jos_migration_backlinks` (
  `itemid` int(11) NOT NULL,
  `name` varchar(100) NOT NULL,
  `url` text NOT NULL,
  `sefurl` text NOT NULL,
  `newurl` text NOT NULL,
  PRIMARY KEY (`itemid`)
) ENGINE=MyISAM DEFAULT CHARSET=utf8;

-- --------------------------------------------------------

--
-- Structure de la table `jos_modules`
--

CREATE TABLE IF NOT EXISTS `jos_modules` (
  `id` int(11) NOT NULL AUTO_INCREMENT,
  `title` text NOT NULL,
  `content` text NOT NULL,
  `ordering` int(11) NOT NULL DEFAULT '0',
  `position` varchar(50) DEFAULT NULL,
  `checked_out` int(11) unsigned NOT NULL DEFAULT '0',
  `checked_out_time` datetime NOT NULL DEFAULT '0000-00-00 00:00:00',
  `published` tinyint(1) NOT NULL DEFAULT '0',
  `module` varchar(50) DEFAULT NULL,
  `numnews` int(11) NOT NULL DEFAULT '0',
  `access` tinyint(3) unsigned NOT NULL DEFAULT '0',
  `showtitle` tinyint(3) unsigned NOT NULL DEFAULT '1',
  `params` text NOT NULL,
  `iscore` tinyint(4) NOT NULL DEFAULT '0',
  `client_id` tinyint(4) NOT NULL DEFAULT '0',
  `control` text NOT NULL,
  PRIMARY KEY (`id`),
  KEY `published` (`published`,`access`),
  KEY `newsfeeds` (`module`,`published`)
) ENGINE=MyISAM  DEFAULT CHARSET=utf8 AUTO_INCREMENT=50 ;

--
-- Contenu de la table `jos_modules`
--

INSERT INTO `jos_modules` (`id`, `title`, `content`, `ordering`, `position`, `checked_out`, `checked_out_time`, `published`, `module`, `numnews`, `access`, `showtitle`, `params`, `iscore`, `client_id`, `control`) VALUES
(1, 'Menu principal', '', 0, 'menu', 0, '0000-00-00 00:00:00', 1, 'mod_mainmenu', 0, 0, 1, 'menutype=mainmenu\nmenu_style=list\nstartLevel=0\nendLevel=0\nshowAllChildren=1\nwindow_open=\nshow_whitespace=0\ncache=1\ntag_id=\nclass_sfx=\nmoduleclass_sfx=_menu\nmaxdepth=10\nmenu_images=0\nmenu_images_align=0\nmenu_images_link=0\nexpand_menu=0\nactivate_parent=0\nfull_active_id=0\nindent_image=0\nindent_image1=\nindent_image2=\nindent_image3=\nindent_image4=\nindent_image5=\nindent_image6=\nspacer=\nend_spacer=\n\n', 1, 0, ''),
(2, 'Identification', '', 1, 'login', 0, '0000-00-00 00:00:00', 1, 'mod_login', 0, 0, 1, '', 1, 1, ''),
(3, 'Articles populaires', '', 3, 'cpanel', 0, '0000-00-00 00:00:00', 1, 'mod_popular', 0, 2, 1, '', 0, 1, ''),
(4, 'Articles les plus récents', '', 4, 'cpanel', 0, '0000-00-00 00:00:00', 1, 'mod_latest', 0, 2, 1, 'ordering=c_dsc\nuser_id=0\ncache=0\n\n', 0, 1, ''),
(5, 'Statistiques', '', 5, 'cpanel', 0, '0000-00-00 00:00:00', 1, 'mod_stats', 0, 2, 1, '', 0, 1, ''),
(6, 'Messages non-lus', '', 1, 'header', 0, '0000-00-00 00:00:00', 1, 'mod_unread', 0, 2, 1, '', 1, 1, ''),
(7, 'Utilisateurs connectés', '', 2, 'header', 0, '0000-00-00 00:00:00', 1, 'mod_online', 0, 2, 1, '', 1, 1, ''),
(8, 'Barre d''outils', '', 1, 'toolbar', 0, '0000-00-00 00:00:00', 1, 'mod_toolbar', 0, 2, 1, '', 1, 1, ''),
(9, 'Icônes des raccourcis', '', 1, 'icon', 0, '0000-00-00 00:00:00', 1, 'mod_quickicon', 0, 2, 1, '', 1, 1, ''),
(10, 'Utilisateurs enregistrés', '', 2, 'cpanel', 0, '0000-00-00 00:00:00', 1, 'mod_logged', 0, 2, 1, '', 0, 1, ''),
(11, 'Bas de page', '', 0, 'footer', 0, '0000-00-00 00:00:00', 1, 'mod_footer', 0, 0, 1, '', 1, 1, ''),
(12, 'Menu administrateur backend', '', 1, 'menu', 0, '0000-00-00 00:00:00', 1, 'mod_menu', 0, 2, 1, '', 0, 1, ''),
(13, 'Sous-menu administration backend', '', 1, 'submenu', 0, '0000-00-00 00:00:00', 1, 'mod_submenu', 0, 2, 1, '', 0, 1, ''),
(14, 'Statut des utilisateurs connectés', '', 1, 'status', 0, '0000-00-00 00:00:00', 1, 'mod_status', 0, 2, 1, '', 0, 1, ''),
(15, 'Titre', '', 1, 'title', 0, '0000-00-00 00:00:00', 1, 'mod_title', 0, 2, 1, '', 0, 1, ''),
(16, 'teste', '<p>testre etrre</p>', 1, 'user3', 0, '0000-00-00 00:00:00', 0, 'mod_custom', 0, 0, 1, 'moduleclass_sfx=\n\n', 0, 0, ''),
(17, 'PGT SocialWeb', '', 1, 'right', 0, '0000-00-00 00:00:00', 0, 'mod_pgt_socialweb', 0, 0, 1, 'moduleclass_sfx=\nposted=actual\nisize=32\nalign=left\nfacebook=show\ntwitter=show\nlinkedin=show\nmyspace=hide\ndelicious=hide\ngoogle=hide\nfacebook_share=hide\ntwitter_tweet=hide\ngoogle_plusone=hide\nplusone_lang=en-US\nplusone_counter=true\nfacebook_like=hide\nfblike_text=like\nfblike_color=light\nfblike_width=450\nfblike_height=80\n\n', 0, 0, ''),
(18, 'login', '', 2, 'headerbar', 0, '0000-00-00 00:00:00', 1, 'mod_login', 0, 0, 1, 'cache=0\nmoduleclass_sfx=\npretext=\nposttext=\nlogin=\nlogout=\ngreeting=1\nname=0\nusesecure=0\n\n', 0, 0, ''),
(19, 'hidenne', '', 1, 'left', 0, '0000-00-00 00:00:00', 0, 'mod_mainmenu', 0, 0, 1, 'menutype=Hiden\nmenu_style=list\nstartLevel=0\nendLevel=0\nshowAllChildren=0\nwindow_open=\nshow_whitespace=0\ncache=1\ntag_id=\nclass_sfx=\nmoduleclass_sfx=\nmaxdepth=10\nmenu_images=0\nmenu_images_align=0\nmenu_images_link=0\nexpand_menu=0\nactivate_parent=0\nfull_active_id=0\nindent_image=0\nindent_image1=\nindent_image2=\nindent_image3=\nindent_image4=\nindent_image5=\nindent_image6=\nspacer=\nend_spacer=\n\n', 0, 0, ''),
(20, 'mymodule', '', 7, 'sidebar-a', 62, '2011-12-17 20:21:24', 0, 'mod_mymenu', 0, 0, 0, '', 0, 0, ''),
(21, 'Login', '', 3, 'headerbar', 0, '0000-00-00 00:00:00', 0, 'mod_yoo_login', 0, 1, 1, 'style=quick\npretext=\nposttext=\nlogin=\nlogout=\ngreeting=1\ntext_mode=input\nlogin_button=icon\nlogout_button=text\nauto_remember=1\nlost_password=1\nlost_username=1\nregistration=1\nmoduleclass_sfx=\ncache=0\ncache_time=900\n\n', 0, 0, ''),
(22, 'Simple Random Quotes', '', 1, 'sidebar-a', 0, '0000-00-00 00:00:00', 0, 'mod_srq', 0, 0, 1, 'moduleclass_sfx=\ndir=ltr\nsource=2\nrenderer=3\nurl=http://localhost/Joomla_1.5.23/quotes.txt\nsep=-\nbackup1="Be faithful to that which exists within yourself." - Andre Gide\nbackup2=\nbackup3=\nbackup4=\nbackup5=\nbackup6=\nbackup7=\nbackup8=\nbackup9=\n\n', 0, 0, ''),
(23, 'Socket_Listening', '', 1, 'absolute', 0, '0000-00-00 00:00:00', 0, 'mod_socket', 0, 0, 0, '', 0, 0, ''),
(42, 'Notifications', '', 4, 'left', 0, '0000-00-00 00:00:00', 0, 'mod_notifications', 0, 0, 1, '', 0, 0, ''),
(25, 'logging_sys', '', 6, 'sidebar-a', 0, '0000-00-00 00:00:00', 0, 'mod_log', 0, 0, 1, '', 0, 0, ''),
(28, 'Latest News Intro', '', 2, 'left', 0, '0000-00-00 00:00:00', 0, 'mod_latestnewsintro', 0, 0, 1, 'count=5\nordering=create_dsc\nshow_front=1\nintrolength=150\n', 0, 0, ''),
(34, 'Logging Tags', '', 5, 'sidebar-a', 0, '0000-00-00 00:00:00', 1, 'mod_logTag', 0, 2, 1, 'vsra_title=Scroll article\nvsra_height=40\nvsra_count=5\nvsra_width=200\nvsra_categories=\nvsra_order=\nmoduleclass_sfx=\ncache=0\ncache_time=900\n\n', 0, 0, ''),
(27, 'logging_sys', '', 2, 'sidebar-a', 0, '0000-00-00 00:00:00', 1, 'mod_vertical_scroll_recent_article', 0, 2, 1, 'vsra_title=Scroll article\nvsra_height=40\nvsra_count=8\nvsra_width=500\nvsra_categories=1\nvsra_order=\nmoduleclass_sfx=\ncache=0\ncache_time=900\n\n', 0, 0, ''),
(32, 'Notifications', '', 4, 'sidebar-a', 0, '0000-00-00 00:00:00', 1, 'mod_vertical_notifications', 0, 2, 1, 'vsra_title=Scroll article\nvsra_height=40\nvsra_count=5\nvsra_width=200\nvsra_categories=2\nvsra_order=\nmoduleclass_sfx=\ncache=0\ncache_time=900\n\n', 0, 0, ''),
(33, 'logo', '<p><img alt="logoITweb40" src="images/stories/logoITweb40.jpg" width="113" height="113" /><img alt="logoTSPweb40" src="images/stories/logoTSPweb40.jpg" width="113" height="113" /></p>', 0, 'logo', 0, '0000-00-00 00:00:00', 1, 'mod_custom', 0, 0, 0, 'moduleclass_sfx=\n\n', 0, 0, ''),
(35, 'unidate', '', 1, 'toolbar-l', 0, '0000-00-00 00:00:00', 0, 'mod_unidate', 0, 0, 0, 'moduleclass_sfx=\ndisplay_title=0\ntitle_type=0\ndate_title=\n\n', 0, 0, ''),
(38, 'restag', '', 3, 'left', 0, '0000-00-00 00:00:00', 0, 'mod_restag', 0, 0, 1, '', 0, 0, ''),
(39, 'Socket Listening', '', 0, 'toolbar-r', 0, '0000-00-00 00:00:00', 1, 'mod_SocketListen', 0, 0, 0, 'vsra_title=Scroll article\nvsra_height=40\nvsra_count=5\nvsra_width=200\nvsra_categories=\nvsra_order=\nmoduleclass_sfx=\ncache=0\ncache_time=900\n\n', 0, 0, ''),
(43, 'logo_trackiot', '<p><img alt="Logo TrackIot" src="images/stories/Logo_TrackIot.png" height="108" width="180" /></p>', 0, 'headerbar', 0, '0000-00-00 00:00:00', 1, 'mod_custom', 0, 0, 0, 'moduleclass_sfx=\n\n', 0, 0, ''),
(44, 'Whosonline:', '', 4, 'headerbar', 0, '0000-00-00 00:00:00', 0, 'mod_whosonline', 0, 2, 0, 'cache=0\nshowmode=2\nmoduleclass_sfx=\n\n', 0, 0, ''),
(46, 'Logging_system', '', 0, 'top-a', 0, '0000-00-00 00:00:00', 0, 'mod_loggingsys', 0, 1, 1, '', 0, 0, ''),
(48, 'Home Page', '<p style="font-family: arial black,avant garde; font-size: 16px; font-style: normal; color: #8c7878; text-align: center;"><span style="background-color: #ffffff; color: #800000;">Heterogeneous Internet of Things Network ''Innovation Project 2011'': </span></p>\r\n<p style="font-family: arial black,avant garde; font-size: 16px; font-style: normal; color: #8c7878; text-align: center;"><span style="background-color: #ffffff; color: #800000;">TRACK-IoT<br /></span></p>\r\n<p style="font-family: arial black,avant garde; font-size: 16px; font-style: normal; color: #8c7878; text-align: center;"><span style="background-color: #ffffff; color: #800000;"><br /></span></p>\r\n<p><span style="font-size: 12pt; color: #ff6600;">Description:</span></p>\r\n<p>The purpose of this framework is to support the interaction among different elements of a network of the Internet of things including devices like RFID readers, RFID tags, sensors and actuators.</p>\r\n<p>The system will allow heterogeneous devices to be linked through proxy nodes and their functionality and properties accessed through a web interface. Its features include: parallel readings collision reduction, tracking and tracing, task automation among others.</p>\r\n<p>The various devices (Readers, Tags, Sensors and Actuators) and the data they might generate are regularly updated in a database that can be queried by authorized users.</p>\r\n<p>Different information will be available in the database such as the location of RFID readers, tags, sensors, actuators, date of reading the tags, the state of an RFID reader, etc.</p>\r\n<p>At the same time the platform allows flexible setup to accomplish several tasks including tracking and tracing objects, surveillance tasks, inventory, and tasks triggered by different parameters like sensor variables, tag IDs and actuator responses.</p>\r\n<p><span style="font-size: 12pt; color: #ff6600;">Nodes:</span></p>\r\n<ul>\r\n<li><span style="font-size: 10pt;">Controller: Allows the interaction and coordination of heterogeneous devices (RFID, Sensors and Actuators).</span></li>\r\n<li><span style="font-size: 10pt;">Network Database: Provides the data storage environment and query features for service provisioning.</span></li>\r\n<li><span style="font-size: 10pt;">RFID modules: Permit the reading and detection of RFID tag IDs, that can be associated with actions or events.</span></li>\r\n<li><span style="font-size: 10pt;">Sensors: Obtain environment parameters measurements (temperature, humidity, light, sound, etc.) to be associated with actions or events.</span></li>\r\n<li><span style="font-size: 10pt;">Actuators: Provide interaction with different devices in order to execute certain tasks based on system parameters or settings.</span></li>\r\n</ul>\r\n<p><span style="font-size: 12pt; color: #ff6600;">Applications and Features:</span></p>\r\n<ul style="list-style-type: disc;">\r\n<li>Inventory - Object Tracking.</li>\r\n<li>Surveillance Systems.</li>\r\n<li>Provide RFID information to devices with no RFID embedded hardware through a web application.</li>\r\n<li>RFID Anti-collision mechanism.</li>\r\n<li>Allows the integration of heterogeneous devices into a single platform.</li>\r\n<li>Flexible and dynamic services configuration.</li>\r\n</ul>\r\n<p><span style="font-size: 12pt; color: #ff6600;"><br /></span></p>\r\n<div style="position: absolute; left: -40px; top: 1197px; width: 1px; height: 1px; overflow: hidden;" data-mce-bogus="1" class="mcePaste" id="_mcePaste"><img src="data:image/png;base64,iVBORw0KGgoAAAANSUhEUgAABe4AAAEmCAIAAACbF5daAAAgAElEQVR4nO3dO7brqraoYdfuRGrtFMPJqYGL4BK4As5HrtipUocOlakGugF3980U0IEOfsj+v7aCuSQBHYT1YAjpsAIAAAAAAGAnDu8OAAAAAAAAAKUYygEAAAAAANgNhnIAAAAAAAB2g6EcAAAAAACA3WAoBwAAAAAAYDcYygEAAAAAANgNhnIAAAAAAAB2g6EcAAAAAACA3WAoBwAAAAAAYDcYygEAAAAAANgNhnIAAAAAAAB2g6EcAAAAAACA3WAoBwAAAAAAYDcYygEAAAAAANgNhnIAAAAAAAB2g6EcAAAAAACA3WAoBwAAAAAAYDcYygEAAAAAANgNhnIAAAAAAAB2Y2dDOYf/eHcgT7csy+VyeXcUn2hZlnEcz+fzMAyuMwzDcD6fb7fbsix6Wlv/eW+vs/WEg9UzqmBWG9Vn1gIAAAAA+trZPc+P3KqN4/gL1TS4Xq/6SMT1elWS724ox9wTGMoBAAAAgG+1s3ueH7lV+5FqVpnnWR7D0Q3DMM9zNBNbw75xd5iLrhzA+a9n1MKsNqrPrAUAAAAA9NXznuf//vd/bP9VhPsbt2o/Us1ym3Gc8/k8TZNMp1qWZZqm8/mcHc3ZXcN2D3hfLbCvaAEAAADgNRjK+UQ/Us1yx+NRxmgej0dqs/v9LiM+x+Mx3GB3DctQzo6iBQAAAIDXYCjnE/1INQvJ+2KUmVPCf35nHMfN2t01LEM5O4oWAAAAAF7jS4ZyNsvHcTydTnL/f71eN49yyNrU0MA8z26D0+m0WTVN0+VykRLdZJ/CgLOBHRKimW9mFZVHcr/f3XMux+PRvSc42yDLsrgNok+7PJUMzSjP4/hut5u08GZVuDvkeR/3Daxohtm9UN4fnMfjcb1epejT6aSMOpX0hHKF+ei9RUzTdL1epfPINvqeKql+SbTuHdjH4/Hv70/ZPtzp+m9ww9/e1c7N7Ou1RwAAAACg1rcN5Sgvx/VvsOVuX24CN2QD//Z+WRb/rtV3Op30l7MUBhbdIKzvPM9yJ2yIxN/efei6vEFSGzzJNE1Sr/JU0jj3+91f7rdndFcej8ew9VJ7wdAflmXxR998m2eOotuEMdQqzEc2i/aWdV3neU7V3Yl+Sqy8+tlo5VtmfseIbu/XpeQ3KJRfmfwcorEBAAAAwFN921CO/pEj+fO7PGOSGiCQ21R5t+7qDRBEhc+AGAJLbeDnmf2W0zAMftibnDf30u4mNvvQTfaxnSeRO/bUIzNRMidrM6CQagS99aJ7YTX1h/Idl9qmvBGiCvNJNZQMeZR8TSwcH6ntt6loo+M4qe39/JXSN8/mLMtS+MW0XJMDAAAAQGffNpTjbtjkHnJZFrmrP/x7Yx8drJFU4Y2iTKLx81/XdZomf5JOe2BKNR3/7nocRxf/JkM9kugTE8pgzRtnV0llC2dXOY/HI9oOm5vwv7+/ktaL7g5Df/B33PV6lXae51lWlYxNtCjMUO8t/tuL/E+Jrf9Wf1OXXtVPjeOktvfrUv4b9CfNpX5lfXcNAAAAABT6tqGc6DQNufvyRyKiU6hSq2SaSfSBl9V7QGNTuiEwpZqrN0hxiD31INORDsHYhywPR3k2tQ5v3d81u2ptGMuIJvTvwMPW89s2OtdJlhj6gz9TKTqdR8YOohPuaqufUpih3lukdtHxNRn4i7ZYY/WVcZxU7WRh+W/Qr4L+K+u4awAAAACg0LcN5UTfn+rfRspCZY6VPCMgd+l/f3/KXejq3d1tBjsMgSnV9COJPlmzeve6qSd9UjOVpEHCmUHvml21Pm0oR975siGt5+/HMCtDf8juuOijT+bqpxRmmO0ttaV0qb4+jhMtdzX9BlMT9IT/zE68CQAAAADgab5tKCc11hBNmJpjFd4uyuBONrbU3JyqwJS7RIlk80Jfcb/fo7e7kqcyU0kaxM/8jbOr1qcN5WRbz9+PYVaG/pDdceW1aFGYYUlv2Xg8HuM4ns9n/xUzsra9+jKOo/RDfaeX/wbLf2Uddw0AAAAAFPq2oZyqhDJvaPOuE7fQfx6h8AWoh+CRFltgSqqSG8jaPEV0jtUbZ1etTxvKqUoYLjH0B0nSXosWhRkWbhZ+jHxDtmysvozjONFJbamws3WxRdt91wAAAABAoZ8eypHnTfzpNjJ1wr9dTN2p6rev5sCUVCU3kLZI1sQcq8bZVYUNlSKl933tcUnAJUtKlBddEkyjwgyzm2U/Rp5tw6poN1Lve4qWki3aFm33XQMAAAAAhX56KGeNzZRx/5uanVSiPTAllfkms/DOczPHqn12VWFDpdg+Rp56hbOt9ZQlJcqLLgmmUWGG2c3C55KOx+P5fB7H0X8rcGNF/PynaZIX7hwSQ3vRUrJF26LtvmsAAAAAoNCvD+XIbaebYyWvwNgMHJhv22yBKanMN5mFVdgMgrTPrjqklSRPvfpHJ59Y2ryWuLz1/OeSwlSG/mDrQuaO15ihvpn/MfJxHMPHtbq0mJ9K9mPqS+dKKdmibdF23zUAAAAAUOjXh3JklZtjJc+AbF7GIQ/vVE3zMQempCp/IathbtEazLF647erhDwAUvjGXBmeCz/FJY2Q2o+1rz0u7w8l7/0Nw+4+XlCYob6Z4WPkvarvv284/HxYNOxslQ3R8tpjAAAAAG/EUM7/fzmOu4F0owbhH/yzn1I2lKtsoKRq/xh5NmYZvpExkbd8u0r4z4BkR5TmeZahn/Dj09IIqdaTe3g/bdh0hv6QTSKt7b+5qft4QWGG+mb6WtlfVS1WXn15m1XYLaPbZ6tsiNZ/DXMqWwAAAAB4EoZy/nsPKbeg4WtZ5DW6h9izAGviRtQcmJJKj8R/TcnmiYnyO0+ZVCVjIm/5dpVPRpeGYVAe67jf7xJzdPjp4AlHhfzWi770WpYY+oOfJPowS3RSWPleK1SYob6ZUhG/mqkWa6z+siyp0bro9tkqhxv4DxaV1xEAAAAAXoOhnH/WKtvI8xruBlJu9ed59v9EvxlosAUmC6PDBNFIlmXxn4YIP/FTfufp38c6b5xd5fjP2rjaTdMku2BZlmma/GZJPb/jV8q950Vy8F+pW/JAk6E/pJJM0yQDGZsRKL0nGBR2A30zqcjxeJQKzvPst6Hjj4i1VH8TgD/amN0+W+XoBv5OTP3KSloSAAAAALpjKGddvSkbh+CxGuE/C5ASTsewBbb5zPPmfjUbSXQgo+rO0w/gvbOrxDzPcsOvU+ZhyTbhoIMIp9dFm87WH2p3nN4TDKJ1qd3Mf3xJt3mkpbb6ShjSMn4jR7fPVjm1QXb/6tkCAAAAwJPs7D4kdftkvltz/FtT5fGHeZ43t9a+6Gs1bIFl//KvjGucTif9gZRUJD556uHwAbOrfMoQjLIXhN8I0V1Z/l2k1dQflmVJJYmOQHV/BqQwn+xm/kMrm1r4T9ls5irWVl8Jw5/lJA/4RLfP1iW1gfIr838gqWwBAAAA4El2dh+Sun0y362VbyCmabpcLv47Wa7Xa+pLRuZyx3HUv7u8ruvtdvMnrbhpR+0VXP+dY/X22VUby7K4issuGIbhfD7fbrfNd8dCm0bwG1lpPb3pqvpDNMnpdArf0CxKekK5wm5QstlmUpvbBW6V/gn58urrYci4nkwnjG5v/g06t9vNf1XT9Xp1v4iqHxQAAAAAdMR9CCLmeZaBiXfH8n7ctCPUa3ANAAAAAGpxd4oImT/yUbOr3oWhnF+T3ePy2FHq1VoAAAAA8DzcnSJCZpRkpyx9PX+u2btjwYvIjLbUzC/5gWxeBgQAAAAAL8DdKf7LDdzIIznhF81/imuN8IUs+Hr+S53l5Tjrfz57LwM97R8UAwAAAAADhnLwX4d/3e/3d0f0TpvWYK7Z7yj50vxB/dodAAAAADwPQzn4L/82Vf+q99fzv3Xtnr9grtlPUb5E7vrDjw90AgAAAHgjhnLwX+4NIMMw8ASKP4/mcrl82hfZ8Rqb76bLZ+/fHRcAAACAn8ZQDgAAAAAAwG4wlAMAAAAAALAbDOUAAAAAAADsBkM5AAAAAAAAu8FQDgAAAAAAwG4wlAMAAAAAALAbDOUAAAAAAADsBkM5AAAAAAAAu8FQDgAAAAAAwG4wlAMAAAAAALAbDOUAAAAAAADsBkM5AAAAAAAAu8FQDgAAAAAAwG4wlAMAAAAAALAbDOUAAAAAAADsBkM5AAAAAAAAu8FQDgAAAAAAwG7sdShnWZa/v7/z+Xz4j+PxeLlcpml6d2j9SR1Llqc2hvjYzrMsy+VyeW8MAAAAAIAPt8sb/r+/v0PaMAz3+/3dMfbEUE5HH9t5xnFkxwEAAAAAsvZ333i9XpVbcfH2Jyw6Yiinl0/uPOw4AAAAAECJnveN//e//2P7r7yIx+Mhd7zn89l/gGJZlmmahmGQxys6Vu0zMZRT5cM7DzsOAAAAAFBiZ0M5l8vF3e4qrxQ5Ho9um3Ece1TrczGUU+XDOw87DgAAAABQYmdDOfLcxLIsqW2maXLbnE6nHtX6XAzlVPnwzsOOAwAAAACU2NlQTuHtbmqzbPLs4Mj9fncPbhyPx+v1ejqd3Kp5nqMZzvOcGhqYpkmeEzkcDufzOfWKlqrq6HWcpskPWyryeDxKih7HUdIOw6AkdB6Px/V6lUddTqdTydMu5S1Txdx5snt5WRZpTH/57XYr+U7WISEsyNxnpmmSWpxOp82rncdx9PeR0tqFNQIAAAAAPM/OhnLkhlMfQUjJ3sxHN5CFMi7jXC6X2+3m/v339xfNUDa43W6ycFkWfzDFdzqdwvGCVNh6tJuN53lOFepcr1elQeZ5lqdaNqJ38suy+Pf8vmEYlDGRqpapYu485XtZNrjf76nmClsgtZlfREufib7sWcbUotmGnaGqRgAAAACA59nZUI7clNpu7KM3ydkNZOFmbGKaJnkcIzUfR+6T/Uk9MqaQuisuDFuPdrOxch/u1yhVhJ48HBzRtx+GITrLqbZlqpg7T+qhG7F5bGcz5JdtgdQ2fhHmPiPfOA8pw0OHfztDbY0AAAAAAM+zs6GcZVn8MYLz+Xy73cpvIKM3ydkN/PvV8GmF6GCNROtW+QM9MkFmGAb/bnmaJrldP5/PJWHr0foL5X7eFeqH6pcbDkht7tUl4GVZ/DGCTbP4Y17X61XGTeZ5llVhWYaWqdLSeZQ5VuFAj1RkM5Vp852sTaMpnbOlz7jAJJX/cI37hx+kH57/cmhbjQAAAAAAz7CzoZx1XaMzfdwLX7Lv7FDulpUN/Jv/MEl0ClVqlTzdkH0sJToBpyraaLbRuUUyGKEUEZ1BI6M5/uMq/hMc0T0i4wLR5z6qWqaWufPIrgxHK8LZVXo3k5punvFJpWrsM+EDO/Jq5zAGf62f0FYjAAAAAMAz7G8ox7ler6kpPJfLpfAlvoUbyMJwsGZNPHrjyBMocgf+9/fnlqQGDuRG2n8tSypsPdpUHaOyRURfV+yP2shCqWPqGY3ofCVby9gYOo/EHI6MhA/sSG6btwvrUrugsc+EO84fuYvmGUZiqxEAAAAA4Bn2OpTjuO8xRW/L/ekhInW3rG8gC1MjRKk5Vm6hP8QjgztKpdwG/hNAqbD1aJUinMfjMY7j+Xz2GzBVROpZmDCh1LHqtt/WMi1qO4/s5c0MI7fQH5byX0DjPtpV8qLl1C5o7DPRomVt9DGfMBJbjQAAAAAAz7DvoRwxz/Ptdtu8wzW8588Oc0Q3yKaSKTab95i4hf6zPCXvHnZKprcYog0/Rr5RUoS+gdQxlSTK1jJdFHae6Byr6Met7vd7NPLT6fT391c+KOb07TO2tbYaAQAAAACe4UuGcsTmG9ib+SP6HWxqg2wqeTQj+qZY/8GHwnvyTXGpAKqizX6MvLwIfYNsEj2fqpbpS+880TlWqdch+++jCQ3DEM57yu6CqpbR28qw1lAjAAAAAMAzfNtQjuN/dtpfrt/BpjbIplpjs2D0ALrclldFG33d7/l8HsfRv0svKULfoKS5lHyqWuYZUp1nDeZY6R8pdx/5UobPCjunrWX0trKtra0RAAAAAOAZ9jSUo99/+lKfZMrmYEu1es8suEc5ZELK5k3J5VUoSVUerf8x8nEcwxkxVUXoG/StYy/tnWcN5lhFZ1dFM0zNa/Pnapl3QZSeqmVteY0AAAAAAM+wp6EcuW/MfnR8NQ3KRL/HlE212czNsZInOzavlZWHd6reGlt1kx9d2P4x8vLYSl577DbwZyrZWqZce+dZgzlWqdlVuvv9LglL3m7Tt8+0rw2lagQAAAAAeIY9DeXIV5mz8zgej0d0S7lHjd57y6MrJYMjIfdyHHcr62YzhXFmP9QdVTXOYqhCquLZhNENsnWUJ5j8VwvZWqZce+dx/CEh949wdpUMnEW/D+WE7ZZq6r59xrbWViMAAAAAwDPsaSjHf3hEv62V++3Nq1jljjScETPPc+qb3IX3qHJvLyMjm9lVqzdMcEg8HhId5kgFUB6tLAyf7PBDKixC38DPMPogiewFvwVsLVOuvfM4MqlKekvYl+SZrFSoUll/GCjV1H37jG2trUYAAAAAgGfY01DO6j2hcPjPa1/8wYLH4zGOo9xjh3M95I7U3ai7Rwzcy1yHYWgcyvG3VLb3v5EkMazrOs+zH54/OymVYXm0UujxeJSc53n229PZPHaRrbte3KaO0zTJOE54z29omSqNncfxh4Sc8Akvf/DlfD77AUtnk2rKKkkSjtd07DO2tbYaAQAAAACeYWdDOeu/t7WKYRj0e+xQ6kNO+n2vTz5Afkg/v7AsS/gxqY3NYyOpAMqj1b8k7ds8R5Ote2oDvY7RvWNomVotnUf47/pNPYQSjpGFNhO4Nq8Q9seSOvYZ81pDjQAAAAAAz7DLF1v473ZJ3VKmbsVTgxpumkz0Jla/701lrrxed55n5YvO4WhFKoCqaP3HN3zDMPgPy9R+ciu1wbIsqToqAyW1LWPQ0nkcmWN1UL9dpY99nM/nbGD+2l59pmVtbY0AAAAAAM+wy6Ec53a7XS4XGYNwN+HX6zU7AWdZluv1Kgkvl4s8ihK9idXvezfKN56m6XK5yNMWx+Pxer1GXy6TyrM22mma/MdSzuezDNzI19NTL4q21XdTx9PpVDIBp7xlzMydZ/13jpU+6OOmsG2e4lHqMo6jhBR9wqW9zzSura0RAAAAAKC7HQ/lAG8hH63nFb8AAAAAgNdjKAeoIxOslNlVAAAAAAA8CUM5QB2ZXrT52hcAAAAAAC/AUA5QxA3cyCM5vOUXAAAAAPAWDOUARQ7/KnlBMgAAAAAA3TGUAxTxx3G6fBYdAAAAAAADhnKAIu4VOcMw8LZjAAAAAMAbMZQDAAAAAACwGwzlAAAAAAAA7AZDOQAAAAAAALvBUA4AAAAAAMBuMJQDAAAAAACwGwzlAAAAAAAA7AZDOQAAAAAAALvBUA4AAAAAAMBuMJQDAAAAAACwGwzlAAAAAAAA7AZDOQAAAAAAALvBUA4AAAAAAMBuMJQDAAAAAACwGwzlAAAAAAAA7AZDOQAAAAAAALvBUA4AAAAAAMBuMJQDAAAAAACwG98wlHPIOZ1O1+v18Xi8O9I4ifMFqRplm9q19uVymaapMZ9UBZWK6/kMw3A+n//+/pZlaW8Bcw4b8zxfLpdhGFy2x+NRb7rvsCzL5XIJl3dv3qdK1eIt3tJ0+9pfr5dqn+/o/zYlx/zvPol8go/qaeZgXlyLluI+qsF1Owr1ZX75iB36zVrb/GxbRSv+9tb41h/yXuP26ddevs+57/LZ+tBbel55Ux8Oh9Pp1CWfVNqWbP/+/hpbwJZ84/F4hLF9/VDOOI7ZPfj6qGoptXiLtzTdjvbXW0Tb5zv6v1n5UfrwpSeRT6C0wOuZg3lxLVqK+6gG1+0o1Nf48SN26DdrbfOzbRWt+Htb44t/yHuN21d23fX/feBojq0PvaXnVTX1IX0hXpVJKm1jtspNQkkLGNKGTqdTGNjHPj7WS8kefH1UtT4t1LfE82mN8Gmi7fMd/d+s6iitHKirMkmlbczWdhL5BEoLvJ45mBfXoqW4j2pw3Y5CfY2Sw8Xro3qj36y1zc+2VbTi722NL/4h94w7d9mT1Kvc1AaPx+Nyuchm33Gr/JaeV1Lo/X4/n8+yZfQZk5bgzb/GeZ6nafJje/u4nkQyjuN7I3mlt3Td7j6tFp8WD1LMR7DvwEnkE3xUTzMH8+JaPKnLfZodhfoaP37EDv1mrW1+tq0+sOIfGFIvPzGU48jl106vvTbe0inLC5Wxs+7zEpW0hdler1fZ8n6/G2Lo5YuPLIrvqPWn1eLT4kFK+xFs1ziJfIKP6mnmYF5ciyd1uU+zo1Bf48eP2KHfrLXNz7bVB1b8A0Pq5YeGcuZ5dpsNw9BY4id4S6csL3RZlied/7pkKxfix+PREEMvX3xkUXxHrT+tFp8WD1KedGDcC04in+Cjepo5mBfX4kld7tPsKNTX+PEjdug3a23zs231gRX/wJB6+aGhnNSW/sL7/X48Hg+Hw/F4vF6vm+SbJ6vP53P44Le8/WSe52gMMqIk0+z1+G+3mxR6PB5lJk621tM0+dPKotHWqtplysYtu75XtvLRqNSeKi99s3AcR+kGwzBEv552SAhLLOl1YRjRnrwpZZomifN0Om3+tjyOo8vBrVU6zzRN1+vVf++PK9RQ6+weLG+NMLeS/VLiGfuunO2AUHI06H7sejwe1+vV70UlEwkNBy6/TVyzZL9/pJTuMok+CeIPLkS/YSSRu9I37ZPtOZsl/i/U/aZsH07aZFv7Q+jbjfU+U75xVT5PytZ2EhHlXV3pGLZDd9glJMn5fL7dbh2DF+aLmRdfBZmLUyh7MPvTLj/DrgWXAVXV7Hs8tNWoqlJr10vfQ0I0sLV4t5ZXx3b5Z9jAPyn4kUdT2Wpdq7aTpDJ5Uge2HboNR9psBW0HhzU4j6Quz7qkUhaK2ivGX7v1UDCU89+FcqPi+L/8eZ6le22cTif/Mu52u7nlqc9byAbyG07FnyrU3UcptV6WJfo+3TDaWuVN7TdmSz5Vaauylb+pVr2nJlqELJznWS7uNzY/++g2m2zLe10Yhr+x9GS/FH+CgJCmiPaf8DpjnudUT4smydY6XGJuDdt+KZGthS3aLNsBofxo0PHYtSyLf9rzDcOQqr7hwHW/31N7Vi9LIWnDVXJdeEj0HAnGzyr8341N0W5JqgFbemztD+EZ3Tisdcq3nkTW+q7uR9Xl0O1nGE1yPB47/k7NFzMvvgoyF5flpy3/adeeYdeCy4Daarp/dzke2mpUWKn1CZe+qSDDDdaa3VpSHfPlX7Yum+VKQXLGPySueKtqXc7WSfSK9+rALYfu2iOtruXgsCbOI9FLpvZU+sK1/orxN289FD80lHO/36X1o8k3PUkaWtkZzjAMMqAro7ypb1tI/5Mk0fiXZVEK9UMNi0h1O4m2oFHjCpt6zb2ZqDyfqrRV2Up/OJ/PjaX7bau0vD8Qm9pGNqjqdZs8Uz1Zlsg3+ULKieoQHH30CMMkqW305rW1hm2/lMjWwhatznxAKD8a9Dp2rbmOkap+7YFrcx1cVZZC/toWdgz/Oia8TpJDSnTwdK3p/6nLGqf2ys9vDSXbTX2f0Y3DNlF860lkre/qsqrXoVuWKz2t1+/UfOx68VVQS3FZ0XxCm5927RlWKUg2q61mx+OhrUYllXK6X/qmssoGtrHZrdnqtFz+ZeviL9Q7Q7TK5lqXs3WSlL4d2HzoNhxpdS0HB+U8Eg6dNKbKLszWJWyf37z1UPzQUI5c5Wz+5uxHEh3r9X+B4zi63bYsi9+t/Su58IZHRG+WovFLocMwyB/cNoVGay2HrWEY/K48TZP/XJ/eVinZpl6WxX/67vBJHx8JQ3UbV73pIFqEvzv8Zt/sL32MfKO2160FPdnf4Hg8Spz+ow3uH/5D+9M0yVr/lCaRuCr7vd3vbOG4gGEPGlpjbdgvJfruuyzbAaH2aND32OXaVk7w8zzLqrBXGA5ckmQzx8QdhaTT1u5f+Utd+HSSPAl/iB03/v7+XMJw8NTfTOk5/n50OzraeWprtMm28IfwjG6sV1+i+u6TiKGr+3uw/dC9Bldrf39/hfvXELz5YubFV0Hm4kr4yQt/2rYzrF+QfkFbWM2Ox8P2a4ZUpdZnXvoq+92wW0uq03L5V1ULf5ZQqqAwla3WhcydJKVjB248dB9qjrS69oOD20G1dxaGVNmFtVeMP37rEfX9QznhdaHyLEOY/PF4yAbhBaX/eJ4MsIXTEER0VRi//9fmcGDbL3RTa//Vzvrf0xqfjS+U+lhYYXI9bdWq2qyqksjC6KOA8tMNTxWpAAy9bs315E2cSp5hnLLWTyh9KTq0rLyytHYP2lpjbdgvJfruO53tgGA4GvQ9dkXvwKOTz20HLqUj+XnW7t/U/bkslwZPBalHqIQtq6I9Vq4sy69iS7KN/hCe0Y03wRT6spNIY1fvcuhe/229cP/6e98PwxB8+8WMOWFVC5uLK+TvwcKftu0MKwujlwGGanY8HrZfM6SubZ566avsd8NuzVan8fKvvBZ+g+sFHWqueM3nKcfcSVJ6deDGQ3e0kVNH2qzGg8Mhdo3n7/FUFQypogHIEsMV44/fekR91VBOiXBOu6yKvoBKjkqp8TN5Qk82UOYpyAiffyAI2yFbqD+UHo029fChMj5doqqplRHHwhz0tFWrarOqSiILo29MUN74kFpu6HVrrifrceondSVURW2tU6tsrbE27JcSffedznZAMBwNXnDsil5X2Q5cUnr3r0FHn05yMbiL77BcqZc/9BDtJCX9v2+PNWT7jG68CabE951EGrt6r0O3LEyNlMn+9cMwBN9+MfOaqyBzcYWUPbhaf9r6nrVd0Ear2et4aKtRtlLrky99lV1j262N+0i//CuvhdxS1vZ5W617MWTepQM3HrqrjrTt9B2XGhKNBtOYSo/KdsWoS/UQpedEV33mrZhoGr8AACAASURBVEfUbw3lRH8qsjY6wic3MKm7hegreFLzFMIt11gfkkJTf/CUQjetJwmjqfziGh80VbhXiOsDzIX7S09btao2q6oksjBV61RBqeW2Xie5ZT8Dob/cPvoHh8K2ejwe4ziez2d/jmh5VtFVttZYG/ZLib77Tmc7INiOBr2OXVXDK42hHv7zsYNec4+jjyC561p3EvH/rSSJdpKS/t+3xxqyfUY33pSl+OKTiK2rSym9Dt2yMLt//TAMwbdfzLzmKshcXCFJ2/jTzp5h9a5iq2av46GtRtlKrU++9FV2jW23Fu4j2+VfeS3KC0rF/4wrq6iSTqLo0oEbD91VR1qb8oNDajQqGkxjqmgAssR2xRj6nVuPeIa9Mlo/dShnGIbz+SwTFJXkhrWpbeQosJlO6RZuzm1h8myhqUfICl9gdrC+/DgVmP8Ud8nbyEpa1ZC2NltDGNEk2XxSG9Qu17cxh9G4dgq+CLhRnpWtec0JS3KuTWuOtmX76AHBdjRoPHaFX3woYQvVv9D0nU6nv7+/lk/1Rf+k7IJ0J3XXIP75u/CppdTC7KrCDWypwg1KCuobzI+cRGxdXS/FsNa2fw3BZwvKzgWoTfiMFlaKK5RNq2xQdYbVC7JVs9fx0FajkrCfeumrlJ4N7Bn7KLqNIZKSk7Uh/sIqZNV2EkWXDvykA0vhNim2g4PyluUwYWMqfTPbFaPzm7ce8Qx7ZbR+wFDOM5Lb9mX0wCEPK2bfPN/egZ7U7Epa/7OF2eHVJ8VQla1Mg6z6q7Le7LUx1y7XtzGHYV6b/SJgbe1szWtOWJJzbVpztI3bh9tk90t0H73g2KUEXxXqGszn3/Df61lLOrb7X3kmVt57F6149qml1MLsqsINbKnCDUoK6h7ML5xEIt00rTAqw1rb/jUEbyuoS8LyIFuKK5RNG93AcIbVCzJXs8vx0FajkrCzGSqZZykJywMrT1USZ7iNIRJbQbayqtg6ia69A2fjicZmbuSs7geH1DYdU9kyD/3yrUc8w14ZrQzl/LtN+DCe+9+St2q3d6AnNbue1n+7e0s+5rRV2cpNYPtc7my5qQ1ql+vbmMMwrw3/THE8Hs/n8ziO/j12eUG25jUnLMm5Nq052sbtlf5Qws/q2ccuJfjaUNf/fBRAOa/bXr4o06TdmIIbZfBna7vO756QL39qKbUwu6pwA1sq2358RjBffxJJ9dKowqgMa2371xC8raAuCcuDbCmuUDZtdAPDGVYvyFzNLsdDW41Kwk7t3yil7uUNUhtYeSrbPjJEYivIVlYVWyfRtXfgbTdSVTWFrUbdDw6pbTqmsmUe+uVbj3iGvTJaGcr5dxvpT+5ZcZkLEJ7bwuTPe+6xUTb/wo8+tsSppK3KVl5YlZ3LnS0iW25qg9rl+jbmMGxr/S8CjuMYzmcx1M7WvOaEVR2mMK05WoXtgGCuXcuxy1Zoy44Q7mOF0QduDR99lL/a+XPpwyeV3FM/cjDJPrWUWphdVbiBLZVtPz4pmO8+iTyj0Qxry/dv7WSBDfPFzIuvgszFFcqmDTewnWH1gszV7HI8fMY1Q+EGLZTMbYHpqUrqEm5jiMRWkK2scuZOomvvwLZyyxu5aurfMw4OqWA6prJ1wo0fv/WIZ9gro/VLh3LK33uU+ra8O1ikzm3RALKF+t9Ii0bb6/Wf2VCVwJSr25ZdpqStylY2VuZ/FhaRLTe1QWq5rdeZw7CtfdkXAc2/wcYG0fXddzrbAaHlaOASPuPYJan8s/4zDlz3+13GdGyvBnM93D3U426B/GOau55wa/0tfdFOUtv/qzawpTLsR/PLGrPBfPdJxNbV9agMa2Vh9vW3Ve8GDrVfzLzmKshcXKFs2nCDxu8NR0tpqWb78fAZ1wybej3j0lcp3bBbs6mecfkX/WhO+2uPo6lKNlB0/xj5JmdzB248dFcdaQvrUttKtmAaU0UDkCWGK8Yfv/WIZ9gro/VLh3JavsnqRnld/3MHjuij/mEAUmj283WbsLPRNippaolNuX1q2WVK2vJs5TH+Lvch2XJTG6SWv+xrlC1r9e1l4Ly81qlV7V8EjKYq2UDRd9/pbAeElqNB+7ErVWh0TootVDmjV72Nr5xEJbc3/qWDv9D9I/xCYrT02v7fXh1Dti/4GLmyzRefRGxdXY/KsFYWpsKQq1j/bVOG4NsvZl5zFWQurlA2bbiBniR1htVTtVTzScfDbI2yCdcnX/oqpRt2azZV4+Vf9H3/0bYtL6gq/pINFOZOktXYgRsP3VVH2vJso2uzB4fsHo/OLLOl0sM2XDGae4iSMLrqM2894hn2ymj90qEc/28U4Wc1/Fl54QChrJW+Ff0bYxiAP6wYFuqPr2/C1qNdrS+IUUKNkod4o19/L8+nNm1htv7LNWv/hhMtIltuaoPUcluvM4dhW6u0oR9/ea1Tq8y/wcYG0fXddzrbAaHlaGA+dvmFRiso4y9+SLZQ5TyaOppJtv6U+HLyJxcpaLOBWyiXYu0POSurCjewpartPLZuXFWFbz2J2Lq6HpVh7cET9lt///rjpIbgzRczL74KMhdXKJs23ECWVJ1h9YJaqtnxeNjxmiFM3v3SVyndsFuzqWzHXjmxhgfMeZ6jX2j2O0PHPlaygcLcSbIaO3DjoTvMcE0fabMad1w0YSqYxlTRAKLRFl4x2uqeCklZ9Zm3HvEMe2W0fulQzuoNmh4Oh3Ec5YXn/uBf6u9yJTWNrvWHw1OFRvOMRruu6zzPfp7Z74OUhxryg4wenlp2mZJWz3ae52ma5LhwMP0BJ1pEtjqpDZSEhl5nDsO2ViI8Ho/SneZ5lpHsVB+Q5eHBMRWD7TfY2CA6pRYtR4wU2wGh5WigZBtuU1Ko/+sLx1YMofon2vP57K9yLSPXr+bvWPlXwOFzSf5LeaKjRdH2kYXl/b98A1uq8v3Y2I3Lq/DFJxFDV9ejMqw9ePwPvS3L4h/Aw9oZgjdfzLz4KshcXIls2nAD2xk2W1BLNRuPh+3XDKlKrc+89JW0vY7Y2VSGY6+yW4dhiA7l6KmUzmCrdSFzJynRqwMf6g/dh8ojra7x4KDv8c1oYGOq7MLaK8Yfv/WIZ9gro/V7h3KWZQlfl+0bhiH6TOPqPYN9SP81IBWA8k0Wv8vWRntoeAa1vKn1V1e27DIlrV7rDcNNSKr0bHVSGygJDb3OHIZtrf4daN9mxHrTsUver2b7DTY2iE6pRcsRo7xEX+qA0HI0aDl2GapvCzU8eYdsX7By/Ouz8K+dfunRh0ei7WPo/+Ub2FJFN3hSNy6vwreeRAxdXa+sYa0sVH5B0R+O7Xdqu5gxJzQf98xxZmXThhvYzrAlQZqr2Xg8NF8zlFTqeZe+3Y/Y2VSGY+/meYQN5bM+2UYzxJ/dQGHuJCUaO3DLobv2SKtrPDhUffGzMVV24Vp5xfjjtx7xDHtl9EaNjVKSfJ5n/w9xvtPppFzO+n0u+kieHkD0l+N+M0qqeZ6Vn1zLXOLyptafmmvZZUraVJVD5r/SR0vPVie1gZ6wtteZwzCv9c+LvmEY/AH1zdwc5Q8+SgyG32Bjg+j0P1uZjxg6wwHBfDRoOXYty5IqVLn/t4Wqj+bYbraF/95H/Qnb8h5o6/+FG9hSpTZ4Rjcur8K3nkTW+q6uV9aw1l+oHFW6BO/YLmbMCc3HPXOcumza6AaGM2xhkLZqNh4PbTUqr9STLn27H7FLqmM49qZucd2oRKpQpSB/GmlV/CUVVNg6SYn2Dtxy6K490upaDg6pKzT9rya2VNmFa/0V4y/fesQz7JXRGzU2Snny2+3mP211Pp9TdzhV+esbTNPkP04ml4/ZbKdpulwuMqB4PB6v12vj6/2rmlr+qh8+qdiyy5S00R+bOB6Pl8vldrsZHsvUSzfv4pJ2KO91jT3Nttbvny48OXrKWTM8V43jKAdHf222ClW/wcYGyUrVwhZtIdsBwXY0aGzATaGn06nk7tcQqnu2dvN0dPvhzpE8w+OGvGsg9S6eVPuY+7+txzZm27cbV1XhK08ioryr65U1rN0s9Dtk4f41/E5bLmZeeRVkLk6RTZvaoPYMWx6krZqy1nA8tNWoqlLrcy59+x6xy6tTe+xdluV6vUqol8tFKq4Xervd/A8+Xq9Xd49qi79qf0XZLixLtHfgteHQbTjS6mG0HBwkmGEYLpdLau5hl1TKQr865VeMv3zrEcmwV0YAAAAAgL1rGTTBp7GNIHQfd0B37BsAAAAA+AnZW3R5usH2xVt8GoZyvhX7BgAAAAB+gsw0SU1jkSlXhrfS4AMxlPOt2DcAAAAA8BP8d8fKy3HWdV2WxX93rP+hH+waQznfin0DAAAAAD+h5NPah/T3K7E7DOV8K/YNAAAAAPwK5UPL7nmc1PeJsEcM5Xwr9g0AAAAA/JbNR6CHYfA/7YyvwVDOt2LfAAAAAAAA7AZDOQAAAAAAALvBUA4AAAAAAMBuMJQDAAAAAACwGwzlAAAAAAAA7AZDOQAAAAAAALvBUA4AAAAAAMBuMJQDAAAAAACwGwzlAAAAAAAA7AZDOQAAAAAAALvBUA4AAAAAAMBuMJQDAAAAAACwGwzlAAAAAAAA7AZDOQAAAAAAALvBUA4AAAAAAMBuMJQDAAAAAACwGwzlAAAAAAAA7MY3DOUcCpxOp8vlMk1TYz4ilbY222EYzufz39/fsiztTXG9XiXn6/XanmHKsiyXyyVcrrTD20VjK1/Yq0R09Pkt/PkRAgAAANidb7jBKBx8cU6nU5d8Umlbsv37+2tsimEYJLdhGBpzSxnHMVvZJxXdIhpb+cJeJaKjz2/hz48QAAAAwO58ww1G+ViJkxrNqcoklbYxW2WkKWuapk1u+lNIZiWVfUa5jaKxlS/sVSI6+vwW/vwIAQAAAOxOzxuMqjELX69ylW3u9/v5fNbHOFriUdLq2c7zPE2TH1t04lKJy+XicpBpVuasdDu9O42GvdO6wGH3AQAAAPhBvzKU48hgR/f3vChpC7P1X3Nzv9/NMbh5VTLTypBPYUG7u3+Ohr3TusBh9wEAAAD4Qb81lLMsS/uYS20M5dnKaM7xeKwNQGZXubcdS1bPmGO10/vnaNg7rQscdh8AAACAH/RbQzn6xi3x9MpWnqaZ57kqgNPp5BI+Ho91XR+Ph/tf/eU7m9jGcZR8hmG4Xq8ut3D71B5s3KePx+N6vR6PRwl+HEc9yWZ62vl8To1eRWMrX+jcbje/uOPxqHwZLdsa5cGHuWV3VpVN5tM0Sean02nzmNg4jv4+0ocLp2mSp+GydXTKu4ES9vF4vF6vyofhpmm6Xq+yvSRJNaOt/Z/UlzruIAAAAAC781tDOfM8Kxu3xNMrW3maJjuE4ZOnjfzHeeReTrmbldjmefa/fuXz7wOze9Dchsuy+Le1vmEYogNb8zxLHTdOp1OYJBpb+cL7/Z5qolSQSmvUBr/W76wqfqj+XD8hHdIf+xDuWbCNZVmiGyt1rO0GftiphGGbzPOcCkypjqytan8/QtHYl3rtIAAAAAA79VtDOXKz94HvynHu97vb+Hw+l5d+u91cKv9z5n9/f27h7XbLhq3cWB7+86TP+syhHD2AYRg2A1LK7XQqSTS2woX+IGBjibbg1/qdVUWSy5fmQ8rQzCE2ipEaq5JahGGY92lqHMfZjIzopaSq44ehJEw9yCZLGvtSxx0EAAAAYKd+YihnWRZ/PkLqrqYlHiVtVbbR52uy5J7Zv2WVO0YlK38vDMMgzbIsi3/HuPmTfq/KCv8+/Hq9Si3meZZVm5lifpJxHN197ybszXBYNLbChTJFaDOZxXUtubcvbChD8Kt1ZxXyMz8ej5K5//yI+4ffAn7dN8Oj0mJ+qC6JdNdNHQ3dYNMmqcb020SWu8D8ERM/tnBmoq39wz7Q2Jd67SAAAAAA+/VVQzmFUrc0LdEqa2urWbu9DNmEN58yepV6846UFZ3TITeom8GgjpVd/31IITrEJre+slbeBBRNIm+APvz7iEQ0tsKFer1So2bRVLbgV+vOKuRnroQUZi5r/YTSINHHi9bY4KOhG6y5NpEH0/yfhhQdfXxJeTO6rf2796UuOwgAAADArv3cUI7yzEJLtMra2mrWbq9MpIpOvIqWFX01T+rVQh0r68ef2jXhk0rZJPIyEX+D8rqEC2VJ1Xfio5nbgl+tO6s21DBzf3Sj8HE2qWNqUo+ML0jPNHQDPezV2iapJLayuvelLjsIAAAAwK79ylCO+zaN/lmolmiVtbXVrN1eeb1xdrqWlJV9bKcwQsM+lbkz5Xe22STyyiH/cYzyuoQL/dl57oNKJa+kiWZuC3617qxCklb/DFP0EZuwXKljtkSZY2XoBmu/Nnk8HuM4ns9n/z04Xcrq3pe67CAAAAAAu/ZVQzmb5f7MgpJXfrbEo6StzbZq++xrkvU75GxZ0Q06Vnb13kFbnqSklHCb8rqEC6WdN06n09/fX6+BsMaEhsYvTFu7tuS9wo7M+jF0g2xg+gbhx8g3upQVLuzYl7qsBQAAALA73zyUs3ozjA4Ff+1viUdJW5WtvEglfPFNVPSzxFH695Wr6lVVWSWkwhgMYeuR2Crov5Ek5N65WxKnLfiShIaWLExbu1ZpqFBL8LY2yX6MPJqnrazowl59qctaAAAAALvz5UM5679f0mnJx5y2Klu5xyv83Izh8Yeq2KIbVFU2u98NzV6SRInEXEH3rSJlFCA1Jao9+JKEhpYsTFu7NtU+US3B29ok/NUcj8fz+TyOoz/I0qWsVKoufanLWgAAAAC78/1DOav3NpnULKTCfGxpq7KVp2zCdxiH9L/th8JZZtnYohtUVVaJpzCGwqjKI2mpoOO+Gx2dnmN70XJJBbMJDS1ZmLZ27ZP2qSFVuIH/MfJxHMMJTak8be2fTdXSl7qsBQAAALA7PzGU43/+WRkiaYlHSVuVrWwcfX3pRvTzzCHlSZ9sbNENelXWKXnfrdtAHiwqf3OwP3hXXpfaWtzvd7kP959+iuZjC74kqid1YMNaqWPJC303Scq7QTaw6AbtHyMvL6sk1UZVX+qyFgAAAMDu/MRQzuo97aJMs2qJR0lbnq0MzehPD21yzk4cW9PvlM3GFt2gS2VF9ivU4VDU6z9GrnwmTEkVzbz9Y+TlAZTT09auzdYxZOgG2cCiG+hJ5JmdcANb+z+1L3VZCwAAAGB3fmUoZ/WGM/7+/lryqU1bmK3/huaSZxnkzrbkbllGBzbP72Rji27QXlmf/8xUtOJy6yvB+0nCJ5L8eWd+huV1CRdKA6beYSQh+d99j2ZuCz6VW9UGCj1t7Vq9jmtsXMbQDbKBRTdQSvFjCPO0tX+4sGNf6rIWAAAAwO780FCO//f26N/DW+JR0urZzvM8TZPcph6KH2SQWRgl4z6pD2NlqxzdQBYaXr4TJZNrDofDOI6yd/yW8W9rU0ncq2RleckEpcKF/k3++Xz2JwG5QmWg0P/2UKo1DMEruZVvoNDTGtam9uk8z/5n1/yWNHQDQ5tIKcfjUUqf51keCxKbo4St/cOFfftS+1oAAAAAu/NDQzlr7v3HLfEoaauaonBqlbzRY3Nnq4hO68hWObrB5v2sVe8uSdE/xTUMw+b1tMuy1CaJxla+MLzVDxWOlBmCV3Ir30ChpzWszdbxEBu17LJP9Q3KXxbe5amo6MKOfal9LQAAAIDd+YaL+/IbFX0SR8sNj5I2e88m/D/C62Q2VmqyWEjuHv0XP2erHN3Af3hks9bchsuypD7MHB3XWNd1nmf/aSbf6XQqHAopX7jm7sCrnqOpDV7PrXADhZ7WtnaeZ+Vj29Gnz2q7ga1N/MeCNkX4TwBtXpFuKyuVqmNfalwLAAAAYHe+4eK+6kZFXi0cPs/ScsOjpFVu2FwYl8vldruVfLJKyN1m9J4/ap7nsOK2u9N1XcdxlBj8xwcabxqnabpcLvJoxul0yg5v3W43f2LO+XxOfc8rGlv5QsfNxPGHG47H4/V6jU5zy7ZGefAlubU0vp62Ze1mnyrNlUqidANzm0zTtGl5GbiRL4j1nY0Ybt+xL7WsBQAAALA7XNwDAAAAAADsBkM5AAAAAAAAu8FQDgAAAAAAwG4wlAMAAAAAALAbDOUAAAAAAADsBkM5AAAAAAAAu8FQDgAAAAAAwG4wlAMAAAAAALAbDOUAAAAAAADsBkM5AAAAAAAAu8FQDgAAAAAAwG4wlAMAAAAAALAbDOUAAAAAAADsBkM5AAAAAAAAu8FQDgAAAAAAwG4wlAMAAAAAALAbDOUAAAAAAADsBkM5AAAAAAAAu8FQDgAAAAAAwG4wlAMAAAAAALAbDOUAAAAAAADsBkM5AAAAAAAAu8FQDgAAAAAAwG4wlAMAAAAAALAbex3KuV6vh/+4Xq/Z7WXj7MKvtCzL5XIJl39OC/SNJFXfL6BU7XP25vPM83y5XIZhcDU9Ho/TNGVTvbJlvrjv4dO85Sf/rccZzkHt3t433h5AVscI9T5mO1cCAPblc094Ojk/HQ6HYRiy2//yUM44jqlqfk4LdIxEqe/e6VX7nL35JI/H4xD4qKGcL+57+EAM5XTEOajd2/vG2wPI6hWh3sfM50oAwL587glPMU1T7Skqevr8/LN+F0o1P6cFOkbyOZXqTq/aF1fcOZ1O4eXp4/HIJnxZy3z9LsBHeUt/+9ZOzjmo3dsr/vYAsnpFqOdjPlcCAPal5wnv//73f2z/1RZ0uVzcmUmmWWWfZI6e9j7/rN+FUs2vbIGvrJTzxVUrIdUfx9GW8EmBvb4gYKW/fSr2y7t8fsu/ZijHfK4EAOzLLody3CnKzauSmVYlSRjKKV+1X19ZKeeLq1bCXH2GcvCV6G+fif3yLp/f8i8eymksBQDw4fY3lCOzq9zbjuXBHH2OFUM5DOV8gS+uWgmGcgAf/e0zsV/e5fNbnqEcAEBH+xvKkTnAbt6vvN3tdDopqQxDOdM0nc9n2eZ8Pm9Gi2RQKTq9a1kWSbssS7iBTBPzs73dbn6hx+PxcrmYX1Z3SEi1wDRN0rzH4/F6vUYj91tAahFtIkOoysJxHCW8YRiu1+tm7ne2vi2R+6X7jZON/H6/H49HSRVGcr1e/ZntbjND1ZT6Sll6l1Zyyza+TWFI5Xu2pC7P6OflEZb3PT8TvRetlTtXVPVqWy3C3Ax9yXyoaenzVRv0PXQrmR+PR5k0oQdc0miyI+Z5jmYyz7PbQM6weqGPx+N6vbq+6lKVTPGo3b/PaO1ovWq77iEhWmXDD1ZXeDapUtXUXdpww3zmDXW8YgnL8k8rSrfXu0T7xYC+dlNcYQ/0M4meifSmuN/vfm7jOPrHB17GDAAtdjaUI+Mjx+NRFspZQbkfqzrrz/MseW6cTif/ktctjH5Cy383c/RctZkadr/f/c9ybQzDkLrUVqRyi7aAf1L3RYNfliX6Xr2wiWpDjS6c5znVOH542fraIlf6w+12y0bub++P+s3znIrE8e/YS6oWXZitQqrWfhVKGr9WVUgl1Vf42z+pn5dEWNv3ZK3Si2pbsiRVqlfbarG29SXzoaalz6fyjG7wjEN3thZuYCUVcHmjyb7++/uLBiAb3G43pRFcoakfl9IItfv3ea0drZcs7HgOsv1gdVVnk0KGpu7Shn6lzGfeTVbdr1g2Zcnj4bYm6ngxoK/NNqztTOSXEm0KGdiKVtPQOQEAzs6GcqLXnX9/f26hXGuGouez1ElOuXw5HA7DMMiYkfyFJ/yzkn8+C09U9/vdPxduTpDZcgulsgo3SF2CO+GpPXUdIKFWxbnmdpC+R6Txs/U1RL4si166HvmmYf0L1pJsZfuqQjdVqOrS5savUhtSSfUVsv3z+nlJhLV9LxW234tsO9fWq221WNv6ku1Q09jno3lGN3jSodvRd5PfK8yNJn8dST3WKrdeUoVUoYYGrwp1fXJrR+vlZ6sUWn4OsvXMrKqzSQlbU4f1NbSh03jm3VSn+xWLX5Z8Fzyac+rPEv7CjhcD+trV1ANlVepMJEuUplBG0w58KB0ArHY2lCPnY//sKNcc/qM6G+H5LLXQP1eN4+hOacuy+Keo8/nsNpZHb8I/acozqNHAZPjJncBkSGjzMOqyLNM0yXnX9reLaDU3qw6HwzAMqfpuypVoh2HwT8DTNMkOkiZqCXITnpSlh6fU1xC5/zx2qn30yKN7TZK7SPwrJz+Yzf2VUjVlbVWXjlahvPELNYZUW9ymLs/r50qELbkp7WxrSVuvttUibP/yvmQ+1Dypg4UbPPXQLbVwnVZy1ndTbaOFgzV+LaR2SiOs/zb49XqVE/Q8z7IqHC2qDfX1J0q/kbucg2w9U2c7m+hsTd2xDRvPvNGsOl6xrMGgicz80vdmGOErLwZWUw/cVFNviuPxKI3sP9jl/uF3J78jZb9CCwCI2tNQTjhpX2Qn/Bee9eXNO4fYXwn8OVPuL0jRCV/+ckmyyUpOz0p4YcWVsSqFkrmsij4JLONNfoNLMNm/slY9tKzvoGh4cuWxaZZUfQ2R+y880vtDKvLUBaKUFX0SwS+3pGrK2touHeZW1fgl2kOqLVGvS8d+noqwMbdUL7K1pLlXm3/7tr5kLu55HSzcQE/Scuj2H4sIGy21mwyNFk6hEtFVSqHRBl8TL4YzhPq81k5lLgu7nIPMPVNnO5vobE3dqw3bz7xhqH2vWNZ/xy/C344fpH6OeNnFwGrtgbIwdSbyd7GSZ/jDlLW2B6MAAHsaylEmUmUn/BeeC6WI1J/1ZNqUbBD9k6Y7P7nTnlu7+buWWxjONN68H64L5ZQvq6Kv6PMv0GXh5nmikPKkUm2QhvBSWdkil6vMVH/w/3IYjUGZ9Kerqpqy1tClN7lVNX6J9pBqSzTUxdbPO/a9taAX2VrS3KvNv31bXzIX97wOFm4gS7ofurO1iO4mQ6Mpc6zkD/jR2Y7loUb/5mEI9Xmtvb72HFTbMxtlO7aSpKqpe7VhQBCEGQAAGMxJREFU+5lXljzpisUvKzXAIXuz5BxRUlB2YXatrQdKbqkzkbKL9VG5bEUAALo9DeUorzdOPR0jCs+FcuWaunyRd9zIVW/075buOsOdv/1/p5L4U4jdtw+6fB4oVc1wVfnTTNJE2RKrnljWd1Djw1bmyMv7QyqGqv34eDzGcTyfz/5U9pKqKWsNXXqTW1Xjl2gPqbZEQ11s/bxj31sLepGtJc292vzbt/Ulc3HP62DhBs87dEstUhlGd5Ot0VJzrApbKdvgegXLQ339idLWdVMdydwzDbJnE52tqXu1YfuZN8wqG7Z5VnhqkEiCLDlHbDzjYmC19kDJLdUH9A1kbfSpqMIGAQBE7WYoJ3pS9OmnqMJzYclJZbNN+IjN+p+X2LlI3N98ordScmLzr0t8p9Pp7++v5QMoeqWy9Q03KHwT4aHyidnCHdSSyhD55itjHSMX4fdHN8qzNUfSsfFLPC8kc4nhBrZ+niqob25VDaJUrSqVuRbmijyvuNQ2hjifd+jOBhOdeWFrNPnrwuZNIm7h5k/xSqFVFTSE+voTZXShOVU2t8JtUqrOJjpbU/dqw45n3iddsfhlVX07VWmNZ18MZFMZYm4JpjwkAEDKboZyoh84jNLfyqYvtJ3n5NTr/lceGJb3yUVL2fzZbTP9e8N/7WUtpVLZ+ipNVKIxSEN4SipD5CUVsUW+Fnx/tDZbcyS2hCU5mxOa62IrMdwgu1+i+yhVUN/cqhrEkG1qG1stzBV5XnHZEqtSPenQbauFrdGif5CQOSzZrxSVhKoEXxXqi0+U2apVpSppKFtjGs4mWYam7tWG5oZSsipR0iyNQUZTveZioG/M7cGUhwQASNnNUE7jn1YKz4W285xMP3aP4bi/cPpTvVzw7tHT1J861/98REA5o9seulYqla2v0kQlGoM0hKekMkReUhFb5GusSx+Px/P5PI6jfw1dnq05ElvCkpzNCc11sZUYbnCokS2ob25VDWLINrWNrRbmijyvuGyJVanW5xy6bbUwN1o4DyUVuVKorYK1ob7yRJmtWlWqkoayNabhbFKitql7taG5oZSsShQ2S0uQ0VSvuRjoG3N7MOUhAQBS9jGUo/91KBROXS48F9rOc/IYjv9ynPDPm+5PWPJ4kfJQrvveZ/RRW8PbEJVKZetrayKDwh3UksoQua0/lCT0vz86jmP4vLohW1sk5oTmnvC8kMwlhhvYykql6ptbVba2qr29/Z9anLnE7AYdD922OSbmRpOTrDt7yvya8E8OvQo1hypecKK0dYlUqpIqG5rFdjapUtjUvdrQ3FC2rGzKg9Snzb7sYqAq5qo2tAVTHhIAIGUfQznRT5mG5GLUH0ZxCs+F5e+E27yyx72S2f2Fyl2C+1fA7lTt1vpbFrrf73L9ZPhko3KmNJyhsy/jtDFcrNSmMkTe8eWLGy/7/qi5S9sav8TzQjKHGm5g6+cd+15J2LaWbH/tce1v39aXzMU9qYMZvtrWcujO1sL/rnCYynB8dgnd2VP5k4NSqPLa47ARup9KnnGitHXdVCpzz9Q942PkulRT92rDZ7z2uO8Vi19W9sXk+muPX/kxclsPNOzBXmsBALp9DOWEVwwpqb9kFp4Lzd8KlYRyee2flf2F7h+bz14qH+fSq1BCSWg4Q2ebyKZwB7WkMkRe3h+6RC7kz3RV2UbXvvLDzIXe+DHy8g1s/bxj3ysJ29aS5l5t/u3b+pK5uPYOFn2ra/RX+bxDt9Qi/MvEphbt/dZxfzJx51l3Jo3+ycFQaPSvLIZQX3+itHXdVKonfYxcDzJ1NtHZmrpXG3Y88z7pisUvKxuk/4e9wkYTHS8G1uaPkUeTmIMpzBwAoNjBUI5cBZacieU8tHl+p/Bc6P+dM3wCyJ/ntfn7ifwpQwLYpHUL5U8im1sFSZW6apfAUl9bVyhnSsMZWm+iVX02qjZI2wVEKpUhcv8PYuFfzPwMzZF3zDa61tylbY1f4nkhmUMNN7D181RBfXMrzDbVkuZebf7t2/qSuThzB5Pb181Q+7qu8zxHvwr8vEO3v5vCWviPCB06HZ9lldw9hrOr1tyPJfpkgTSsH5Ih1NefKKMLzanMPbMw8qqfs87W1L3asOOZ90lXLH5Z0SD9vekPh4UR9qppyVpbDzTswV5rAQC6HQzlyHO8JRc3cqIyv41PRlsOh8M4jvIVKv9vI9GHn/0L/fCPmf4M8/Aq0z+/ns9n/9lXV7Rkbvg8h3Lmtp2ho020rus8z/7fypSH7QsLsoWn1NcQub881R8MkUskx+NRipvnWf5oJqJXgdFL0lShti5ta/xCTwrJHGp0A0NvUXZQS25K1WwtaevVtlqUVKRvcc9olmEYokM5Tz1023ZTy/FZ3/ubbUoKnaZJxnHCE19tqK85UWYXlqcqPA6UXGAobGcTna2pO7ZhxzPvM65Y1uDHkgpyMy4cRvjKi4FUa+g90LYHu6wFAOg+fShH/jhT/ke26IPB0bNFdOGyLPrXsoZhiD5+718ThH/U9c/K4drNBim2D3Ns3lOYndnuszXRodMUDFt4Sn1tkRd+Pa0q8vI3efsjmErVlEJtXTpbhewGiieFZA41uoGht/TteyX1NR+vDL3aVgtz+5uLMzfL5m/gG6lPyTzv0L0GPcrnl9ul0VbvtXSH9EMK0ULXXI+KNrgh1Oe1drReqcrqG7QcB1I/WIXtbJJlaOqObbj2O/M+44rFL6vqY2phhK+8GChpjbAHKrmVbNCyFgCg+/Sjp/uw9yEx/BEl1x/6/OTUwnVd53mW8aCN0+mUuszy38OnP7maykG/cqr9S51Q/oplPkPP86xcvrz36yH6X+0MkSv9QfpnbeTrv2N/vmEY/D9lh+/PTlVNKdTQpbNVKKmj4hkhmUNNbVDbW/r2vcL62o5Xhl5tq0VJRfoW19IsqdsqdwJKxfmkQ7cTrb67RUzFY240v/qpjwykCl2WJVWoMjxhCPVJrR2tV6qy+gbZ44ChZ+oMZ5MStU3dsQ3Xrmfe7lcsflmpnh/titEIX3kxsNb3QD237AYtawEAuk8/esr5pvz6Rl4i0DiF+3a7+U+ins9n/ftZ67+n9s2qwseL3FO1m9lY1+u18eML4zhKS/p/Jmo8Q0/TdLlc5C88LaEadpCyQaq+LZHfbjf/mx3X69X1SVvkEsamj8m1mowMbuJXqpYttKpLN/aNQn1DMifs2M879r2q+hqOV2tlr7bVoiS3vsVtKljbLMuyXK9X2YmXy0UKUuJ80qHb8Q8Ux+NRprR07Lei74/ldDqVzHWqDfUZrR2tl7k1sscB2w9WYTiblKhq6r5t6HQ883a8YgnLkj0+DMPlcklN10pF+OKLgbWmBzbuwZa1AAAdR0+gifkSGfhY9GoAn+ztxyjGIAAAb8dJCEjKXqvJn8tqP34BvAu9GsAn28UxiqEcAMDbcRICkuTp5dQcAXnwu/YdBMC70KsBfLJdHKMYygEAvB0nISDJfxmhTNFf13VZFv9lhJuPRwCfjF4N4JPt4hjFUA4A4O04CQFJJR8xPaQ/9QJ8IHo1gE+2i2MUQzkAgLfjJARolM92Hg6HYRhSH6oAPha9GsAn+/xjFEM5AIC34yQE5G0+YjoMg/+tUGCP6NUAPtknH6MYygEAvB0nIQAAAAAAgN1gKAcAAAAAAGA3GMoBAAAAAADYDYZyAAAAAAAAdoOhHAAAAAAAgN1gKAcAAAAAAGA3GMoBAAAAAADYDYZyAAAAAAAAdoOhHAAAAAAAgN1gKAcAAAAAAGA3GMoBAAAAAADYDYZyAAAAAAAAdoOhHAAAAAAAgN1gKAcAAAAAAGA3GMoBAAAAAADYDYZyAAAAAAAAdoOhHAAAAAAAgN3Y2VDOoUY04VuiLVxuy+1HPK/6NOwvV78ETfQu8zxfLpdhGFz7H4/HaZrW790jy7JcLpdw+bfWFwAAAGY7uzRkKOdnr+YZynmSH69+CZroLR6PR3hU/+KhnHEcU5X6yvoCAACgxc4uDUtHcYKr3rdcCqcKtQXz41fzz6s+DfvL1S9BE73F6XQKj+qPx2P90j2iVOor6wsAAIAWPS8N/+9//8f2X0W41ivaj7oUZijHgKEc4KfID3Mcx3fH8gociAAAAFCOoZw3YCjHgKEc4Kf82g/z1+oLAACAFgzlvAFDOQYM5QA/5dd+mL9WXwAAALRgKGdd13WapsvlItucz2f3ck3f+Xx2a+/3ezST+/0uyfVCN8vHcTwej5L2drsZqlBYC5tpmq7Xq//qiuPxeL1e3XsrsrWThMMwpFKJ2+0mTX08HmVuRft9TmHOEu08z9F8lmWRTNqrXNW2YVnTNEna0+m06Zx+1zqdTtH+oDfs4/G4Xq9+Jl1mu/j7wlX5crlku2t5D/crdb/fXfyuYbP7d55nqWyYW8jWRLW/VluLFTJUYZomP57CfbGW/ToOCak8N/wi3E5fliWVSs+qJNWmg21aqeTX3VjftWZ3hLnVHqIBAADwCX59KGdZlujLNQ+Hw+l08m/25AZ+GIZoEfLFXEmVKtRfHi39eDyG95lK3ctrUWue51TOzubWxY9znmdpk43obcY8z3IzuamCXv2SWpTnfLvd3P/+/f1Fcws3sFXZ0LabaK/Xa5hKbsKjmSv7a7N8WRb/5tA3DIO5U93v91QTKTnX9nBZK+MyzuVyKd+/Mqjat4lq62JrsUKGKqR+Tan4ZW35ryNV2XCD8thktx66DuWEHUwiKf91m+tr2B22PQIAAIBP8+tDOamLYGczavP39+eWy/W6kD+wRy/QU8GkbqJc0e4vySV1r6pFFeUeUqRuw/S0mz/8LsuibO83VG0VanMOH7rZCB/rsFXZ0LZ+WfLp4pAyWBDmKcs3Benhhf2zxOa+tzzn2h4uqzY/sWmaZP/KQzcb0nQSRt8mqqqLucUK1VZBuflPJfFXKQn9X0dqm3ADvyD9lx7NJ5VVdgNZGHawkobdbGyrr2132PYIAAAAPs1PD+XI+MswDP797TRN/ownP4lc+/ozWWRq1eY2LBXt5or57+/PXW0vy+Lfn2+KTuVmqEUhCcbl7N8S+Jlvbok3NxIS0qZ2m8dD5I5oGAZ5rmSTxLbrDTkrc3CiAz2GKtvadlPW8XiUsvxnN9w//PlW0zTJ2s1AZLRh/RvU6/Uq7TDPs6xKDYUopK9u5oIty+JHuOkbhh7ut1L4IFI4WONHEtauYxPV1sXWYoUMVfCTjONYdeA61BwQVvVoH13lT1hLxRamUkpRNvBzCyNvPHIWxrCadsfasEcAAADwOfY6lKNTEsoS+XN39o/n/v28PKXvj9rIDdXmBROpePxQw8cuHo+HrPWLjuZmq0UhSRv986zc9B4SNznRCRpyq+APhfiPHoRJpmnSd67ClrPs5fBmJjo9x1BlW9tuylKqEz5SJGuzA45+o0XnWcg9c+0sDH0nSrnRvlHVw6Wg6CBmOIVKX9WriQx1MbRYIUMV/ENTmMTvftFHbMp/HZuEYWzhKv8no8d26DqUE+1gjUfOwhhsu2Nt2CMAAAD4HL87lCOzpVK3o3IpvHmnhlymu6cb5Ian/FZElocTtRx5B0p0vMDf0lyLLqIhycLom1P9G0hZKLVI/R3Y/3t7VYS2nJX3IkUf2DFUOSvbecKy9LvZVJ6G3ZGdg5atVOrd4SFbD5eCoi8RV+ZYyWMO/lBLryYy1MXQYoUMVcgmkQNXdJ5p7a8jtTy6SgYgao8hSinKBnoHy6qNJLrKtjvW5xyvAAAA8GK/O5Qj92zZ4jZ/d/X/Fuq/dza810rFoyRxwo9hpXIz18Ls8XiM43g+n/33LITFHdLPASn7IvV2BmkQvaYhc84yZLOZ1eIWboYwDFWOyratn5X++bDoQx/6/pIl2Y+1mflv8HGfScq+j8PWw/VWWtNzrCS2cGF7ExnqYmix2mDKq1D+Fb/o9LTaX4fyqzHskdQvXSlF2SDbwULlR87CGGy7Y+13vAIAAMAb7XUopza2MGHhCzIPsUczwtcVRwdKUtGW1CLcJpqqpRblwk/qblTVrrBqPmXCkc6cc3SOVerjR4Yqi6q2zZZlWBsulE6Vqo6ZfzvtO51Of39/0RtLWw/P7hHZlZsX1riFm0ctejWRoS6GFqsNpjxJtlWj22RTpTZQEtr2SDRDW3glTbH2O3KaY+hYZQAAAHyU3x3KSV1bZy+413/v/x39m6+GWigBRzcz1KJE9pO6SkiNVcumKmHOOTrHKvU6ZEOVV1PbZssyrLXtDrPNW0s2/FdTb4IpUV4F2b/+JEeZg5P9eJytiWx1qW2x2mD6JjG0VWoDJaFtj0S3sYWXTdX3yGmLoW+VAQAA8FEYyimyye13hnLC5wiOx+P5fB7H0b/DrKpdYdWyqUq05LyZY6W8IMZQ5dXUttmyDGttu6OF+1COcqMbnZ5ToqoK4XSnsPRUbrYmstWltsVqg+mbxNBWqQ2UhLY9Et3GFl42Vd8jpy2GvlUGAADAR2Eox9ICL5tglZ0z8tRrbv+TuuM4hsNVve4TzJMjslpy3syxSs2uKokt3MDWttmyDGvDhU/tVD73Re3oDBSZ12YLpiSV3FG7OVYylSl8kW2vJmpv2JIWe14wJUkMbZXaQElo2yPRbWzh6am6HzltkZsTluQMAACA9/rdoZzsC3FTOr72OPsu3vLXHvd6Gaqv+yd1Uxtk39/pt3lVFVpy3syxSs2uitYou0H7x8gLC8quNewOSdXyAqbQ/X6XRpacbT28sLe4bdwcK/kth2+M7tVE3X+t0RYrZKhC+Xt2sweusJSqrm7YI7bXHqc+56Snes3HyG27Ixt8yQYAAAB4u98dysl+yTWl48fIU0XLNbr/FoxobuZalNBbW/7yXHWTE91AapH9Onvtrm/MWe6T5QmO6Oe3DVW2tW02oWGtsjtSnUpaI9WqKfLbiX5gKxqPrYcX9hb343VDFe4BruhMpV5NZKiLocUKGarQ+DHy2viVhIY9kvqly8LoJFnbUU5fa8gzuqr9Y+TRVCUbAAAA4O1+dyjHfxzD/4qNiN6MySwb/2/gMosn++GbzfLo/YP/JgX//i2am60WhSTn8G/LfrnlNySpDfw/U4e18P8wXrvrG3P2d7f7Rzi7Klqj7Aa2ts2WZVgbLvQDiD5WIOML0S6nkHvLVG+UomXIzNbDC3uLpJW763B2VTQ3WxMZ6mJosUKGKujx+wcuP8PsvkhtoCQMV/m/9KrflFQz/GnP82z4cPj6hCNndJVtd2SDL9kAAAAAb/e7Qznrv6+8GcdRxk3meU7NnJIre3+hPMe+meOQita/lPc/QLMsi/yh9VD8p1RDLQpJzsfjUZLP8+wH6WSHnLIV8UOVWri3vW7Kqq1FS86N77dWNrC1bbYsw9rowlSnmqZJbn1rxw7Wf28+z+ez3yfdHpHfl/88mqGHZ/dIuGVtu9maqLYuthYrZKhCNMnm19RrOo+SMLrK9ktXUg3DYBvKaTxyhuMyqeIMuyMbfMkGAAAAeLufHspZliX8zsiGP56izNaRaVb+n3ZT0cry8MpelHxGx1aLcvpXkH1d/givfKDHbyhDRVpy9tOmBi8MVba1bbYsw9pUEr1TDcMQHdXKUvq82HR+Qw/X28Env9xD+smXjk1kqIuhxcrVViEbf5hEVqViSG2gJEytyrZtmGrzmMyG7Tt9tl/35jCVfef9atod2eBLNgAAAMDb7exazXyJmUo4z7Nyn+/fU21eghuSS2r5Q2uqUH95tPTCF3YYalHL/5O1bxgG/0/3/rSU7D5SNlBaI5utzpyzzLE6JGZXlcQW3cDQttmyDGtTSZZlSXUq8ziOo49NRD8GV9vD9Xbw+XfdqflifZvI8Gs1tFghQxXmeZbOuXE6nToOHCgJU6uU2Pwf8iZVauTF/d6jqbKVMvy6laeHlOJqd0dJ8NkNAAAA8HY7u1YzX2LqCadpulwuMhZzPB6v1+vmaQjD50JShW6Wj+Mo1+Ln87n2frKqFgbTNPmP8Z/PZ7n9kCr7Y0+N9wl+ccfjUaaNtN9d2HL251ilbs7NVa5t22xZhrXZ3eF3qtPpZJjIE3KTTTZPPGW7a3kPr+ot7T3W0ES1v1ZbixUyVOF2u226rvnAldpASajnebvd/A97Xa9X98tVUi3Lcr1e/VfaS8MafjWO4dftnwuqDqrlu6Mkt5LaAQAA4L24VgM08mpkw6thAHyO6OgJAAAAsEcM5QAamZeRml0F4O2yD5LIgzCGb/kBAAAAn4ahHEAjMzU2X5IC8DlkXlJqapj8kKPfmwcAAAD2haEcIMIN3MgjOS1vlgXwbP5rhuXlOOu6Lsviv2Y49dJ6AAAAYF8YygEiDv9KvesawCco+cr7If2RMgAAAGBfGMoBIvzbv5avuQN4DeWz3O55HAZkAQAA8DUYygEi3Js1hmHgbcfAjmw+rD4Mg/8VcAAAAOA7MJQDAAAAAACwGwzlAAAAAAAA7AZDOQAAAAAAALvx/wCVkBxG8ep0ogAAAABJRU5ErkJggg==" alt="" /></div>', 0, 'innertop', 62, '2012-01-25 16:34:55', 1, 'mod_custom', 0, 0, 0, 'moduleclass_sfx=\n\n', 0, 0, '');

-- --------------------------------------------------------

--
-- Structure de la table `jos_modules_menu`
--

CREATE TABLE IF NOT EXISTS `jos_modules_menu` (
  `moduleid` int(11) NOT NULL DEFAULT '0',
  `menuid` int(11) NOT NULL DEFAULT '0',
  PRIMARY KEY (`moduleid`,`menuid`)
) ENGINE=MyISAM DEFAULT CHARSET=utf8;

--
-- Contenu de la table `jos_modules_menu`
--

INSERT INTO `jos_modules_menu` (`moduleid`, `menuid`) VALUES
(1, 0),
(16, 0),
(17, 0),
(18, 0),
(19, 0),
(20, 0),
(21, 0),
(22, 0),
(23, 0),
(25, 1),
(25, 5),
(25, 8),
(25, 10),
(25, 11),
(25, 12),
(25, 13),
(25, 15),
(27, 1),
(27, 10),
(27, 11),
(27, 12),
(27, 13),
(27, 14),
(27, 15),
(27, 18),
(27, 23),
(27, 25),
(27, 26),
(27, 32),
(27, 33),
(27, 34),
(27, 35),
(27, 36),
(27, 37),
(27, 38),
(27, 39),
(27, 41),
(27, 42),
(27, 45),
(27, 47),
(27, 48),
(27, 49),
(27, 50),
(27, 51),
(27, 52),
(27, 53),
(27, 54),
(28, 0),
(32, 1),
(32, 10),
(32, 11),
(32, 12),
(32, 13),
(32, 14),
(32, 15),
(32, 18),
(32, 23),
(32, 25),
(32, 26),
(32, 32),
(32, 33),
(32, 34),
(32, 35),
(32, 36),
(32, 37),
(32, 38),
(32, 39),
(32, 41),
(32, 42),
(32, 45),
(32, 47),
(32, 48),
(32, 49),
(32, 50),
(32, 51),
(32, 52),
(32, 53),
(32, 54),
(33, 0),
(34, 1),
(34, 10),
(34, 11),
(34, 12),
(34, 13),
(34, 14),
(34, 15),
(34, 18),
(34, 23),
(34, 25),
(34, 26),
(34, 32),
(34, 33),
(34, 34),
(34, 35),
(34, 36),
(34, 37),
(34, 38),
(34, 39),
(34, 41),
(34, 42),
(34, 45),
(34, 47),
(34, 48),
(34, 49),
(34, 50),
(34, 51),
(34, 52),
(34, 53),
(34, 54),
(35, 0),
(38, 0),
(39, 0),
(42, 0),
(43, 0),
(44, 0),
(46, 31),
(48, 1);

-- --------------------------------------------------------

--
-- Structure de la table `jos_newsfeeds`
--

CREATE TABLE IF NOT EXISTS `jos_newsfeeds` (
  `catid` int(11) NOT NULL DEFAULT '0',
  `id` int(11) NOT NULL AUTO_INCREMENT,
  `name` text NOT NULL,
  `alias` varchar(255) NOT NULL DEFAULT '',
  `link` text NOT NULL,
  `filename` varchar(200) DEFAULT NULL,
  `published` tinyint(1) NOT NULL DEFAULT '0',
  `numarticles` int(11) unsigned NOT NULL DEFAULT '1',
  `cache_time` int(11) unsigned NOT NULL DEFAULT '3600',
  `checked_out` tinyint(3) unsigned NOT NULL DEFAULT '0',
  `checked_out_time` datetime NOT NULL DEFAULT '0000-00-00 00:00:00',
  `ordering` int(11) NOT NULL DEFAULT '0',
  `rtl` tinyint(4) NOT NULL DEFAULT '0',
  PRIMARY KEY (`id`),
  KEY `published` (`published`),
  KEY `catid` (`catid`)
) ENGINE=MyISAM DEFAULT CHARSET=utf8 AUTO_INCREMENT=1 ;

-- --------------------------------------------------------

--
-- Structure de la table `jos_plugins`
--

CREATE TABLE IF NOT EXISTS `jos_plugins` (
  `id` int(11) NOT NULL AUTO_INCREMENT,
  `name` varchar(100) NOT NULL DEFAULT '',
  `element` varchar(100) NOT NULL DEFAULT '',
  `folder` varchar(100) NOT NULL DEFAULT '',
  `access` tinyint(3) unsigned NOT NULL DEFAULT '0',
  `ordering` int(11) NOT NULL DEFAULT '0',
  `published` tinyint(3) NOT NULL DEFAULT '0',
  `iscore` tinyint(3) NOT NULL DEFAULT '0',
  `client_id` tinyint(3) NOT NULL DEFAULT '0',
  `checked_out` int(11) unsigned NOT NULL DEFAULT '0',
  `checked_out_time` datetime NOT NULL DEFAULT '0000-00-00 00:00:00',
  `params` text NOT NULL,
  PRIMARY KEY (`id`),
  KEY `idx_folder` (`published`,`client_id`,`access`,`folder`)
) ENGINE=MyISAM  DEFAULT CHARSET=utf8 AUTO_INCREMENT=38 ;

--
-- Contenu de la table `jos_plugins`
--

INSERT INTO `jos_plugins` (`id`, `name`, `element`, `folder`, `access`, `ordering`, `published`, `iscore`, `client_id`, `checked_out`, `checked_out_time`, `params`) VALUES
(1, 'Authentication - Joomla', 'joomla', 'authentication', 0, 1, 1, 1, 0, 0, '0000-00-00 00:00:00', ''),
(2, 'Authentication - LDAP', 'ldap', 'authentication', 0, 2, 0, 1, 0, 0, '0000-00-00 00:00:00', 'host=\nport=389\nuse_ldapV3=0\nnegotiate_tls=0\nno_referrals=0\nauth_method=bind\nbase_dn=\nsearch_string=\nusers_dn=\nusername=\npassword=\nldap_fullname=fullName\nldap_email=mail\nldap_uid=uid\n\n'),
(3, 'Authentication - GMail', 'gmail', 'authentication', 0, 4, 0, 0, 0, 0, '0000-00-00 00:00:00', ''),
(4, 'Authentication - OpenID', 'openid', 'authentication', 0, 3, 0, 0, 0, 0, '0000-00-00 00:00:00', ''),
(5, 'User - Joomla!', 'joomla', 'user', 0, 0, 1, 0, 0, 0, '0000-00-00 00:00:00', 'autoregister=1\n\n'),
(6, 'Search - Content', 'content', 'search', 0, 1, 1, 1, 0, 0, '0000-00-00 00:00:00', 'search_limit=50\nsearch_content=1\nsearch_uncategorised=1\nsearch_archived=1\n\n'),
(7, 'Search - Contacts', 'contacts', 'search', 0, 3, 1, 1, 0, 0, '0000-00-00 00:00:00', 'search_limit=50\n\n'),
(8, 'Search - Categories', 'categories', 'search', 0, 4, 1, 0, 0, 0, '0000-00-00 00:00:00', 'search_limit=50\n\n'),
(9, 'Search - Sections', 'sections', 'search', 0, 5, 1, 0, 0, 0, '0000-00-00 00:00:00', 'search_limit=50\n\n'),
(10, 'Search - Newsfeeds', 'newsfeeds', 'search', 0, 6, 1, 0, 0, 0, '0000-00-00 00:00:00', 'search_limit=50\n\n'),
(11, 'Search - Weblinks', 'weblinks', 'search', 0, 2, 1, 1, 0, 0, '0000-00-00 00:00:00', 'search_limit=50\n\n'),
(12, 'Content - Pagebreak', 'pagebreak', 'content', 0, 10000, 1, 1, 0, 0, '0000-00-00 00:00:00', 'enabled=1\ntitle=1\nmultipage_toc=1\nshowall=1\n\n'),
(13, 'Content - Rating', 'vote', 'content', 0, 4, 1, 1, 0, 0, '0000-00-00 00:00:00', ''),
(14, 'Content - Email Cloaking', 'emailcloak', 'content', 0, 5, 1, 0, 0, 0, '0000-00-00 00:00:00', 'mode=1\n\n'),
(15, 'Content - Code Hightlighter (GeSHi)', 'geshi', 'content', 0, 5, 0, 0, 0, 0, '0000-00-00 00:00:00', ''),
(16, 'Content - Load Module', 'loadmodule', 'content', 0, 6, 1, 0, 0, 0, '0000-00-00 00:00:00', 'enabled=1\nstyle=0\n\n'),
(17, 'Content - Page Navigation', 'pagenavigation', 'content', 0, 2, 1, 1, 0, 0, '0000-00-00 00:00:00', 'position=1\n\n'),
(18, 'Editor - No Editor', 'none', 'editors', 0, 0, 1, 1, 0, 0, '0000-00-00 00:00:00', ''),
(19, 'Editor - TinyMCE', 'tinymce', 'editors', 0, 0, 1, 1, 0, 0, '0000-00-00 00:00:00', 'mode=advanced\nskin=0\ncompressed=0\ncleanup_startup=0\ncleanup_save=2\nentity_encoding=raw\nlang_mode=0\nlang_code=en\ntext_direction=ltr\ncontent_css=1\ncontent_css_custom=\nrelative_urls=1\nnewlines=0\ninvalid_elements=applet\nextended_elements=\ntoolbar=top\ntoolbar_align=left\nhtml_height=550\nhtml_width=750\nelement_path=1\nfonts=1\npaste=1\nsearchreplace=1\ninsertdate=1\nformat_date=%Y-%m-%d\ninserttime=1\nformat_time=%H:%M:%S\ncolors=1\ntable=1\nsmilies=1\nmedia=1\nhr=1\ndirectionality=1\nfullscreen=1\nstyle=1\nlayer=1\nxhtmlxtras=1\nvisualchars=1\nnonbreaking=1\ntemplate=0\nadvimage=1\nadvlink=1\nautosave=1\ncontextmenu=1\ninlinepopups=1\nsafari=1\ncustom_plugin=\ncustom_button=\n\n'),
(20, 'Editor - XStandard Lite 2.0', 'xstandard', 'editors', 0, 0, 0, 1, 0, 0, '0000-00-00 00:00:00', ''),
(21, 'Editor Button - Image', 'image', 'editors-xtd', 0, 0, 1, 0, 0, 0, '0000-00-00 00:00:00', ''),
(22, 'Editor Button - Pagebreak', 'pagebreak', 'editors-xtd', 0, 0, 1, 0, 0, 0, '0000-00-00 00:00:00', ''),
(23, 'Editor Button - Readmore', 'readmore', 'editors-xtd', 0, 0, 1, 0, 0, 0, '0000-00-00 00:00:00', ''),
(24, 'XML-RPC - Joomla', 'joomla', 'xmlrpc', 0, 7, 0, 1, 0, 0, '0000-00-00 00:00:00', ''),
(25, 'XML-RPC - Blogger API', 'blogger', 'xmlrpc', 0, 7, 0, 1, 0, 0, '0000-00-00 00:00:00', 'catid=1\nsectionid=0\n\n'),
(27, 'System - SEF', 'sef', 'system', 0, 1, 1, 0, 0, 0, '0000-00-00 00:00:00', ''),
(28, 'System - Debug', 'debug', 'system', 0, 2, 1, 0, 0, 0, '0000-00-00 00:00:00', 'queries=1\nmemory=1\nlangauge=1\n\n'),
(29, 'System - Legacy', 'legacy', 'system', 0, 3, 1, 1, 0, 0, '0000-00-00 00:00:00', 'route=0\n\n'),
(30, 'System - Cache', 'cache', 'system', 0, 4, 0, 1, 0, 0, '0000-00-00 00:00:00', 'browsercache=0\ncachetime=15\n\n'),
(31, 'System - Log', 'log', 'system', 0, 5, 0, 1, 0, 0, '0000-00-00 00:00:00', ''),
(32, 'System - Remember Me', 'remember', 'system', 0, 6, 1, 1, 0, 0, '0000-00-00 00:00:00', ''),
(33, 'System - Backlink', 'backlink', 'system', 0, 7, 0, 1, 0, 0, '0000-00-00 00:00:00', ''),
(34, 'System - Mootools Upgrade', 'mtupgrade', 'system', 0, 8, 0, 1, 0, 0, '0000-00-00 00:00:00', ''),
(35, 'Editor - JCE', 'jce', 'editors', 0, 0, 1, 0, 0, 0, '0000-00-00 00:00:00', ''),
(36, 'System - jsecure', 'jsecure', 'system', 0, 7, 1, 0, 0, 0, '0000-00-00 00:00:00', '');

-- --------------------------------------------------------

--
-- Structure de la table `jos_polls`
--

CREATE TABLE IF NOT EXISTS `jos_polls` (
  `id` int(11) unsigned NOT NULL AUTO_INCREMENT,
  `title` varchar(255) NOT NULL DEFAULT '',
  `alias` varchar(255) NOT NULL DEFAULT '',
  `voters` int(9) NOT NULL DEFAULT '0',
  `checked_out` int(11) NOT NULL DEFAULT '0',
  `checked_out_time` datetime NOT NULL DEFAULT '0000-00-00 00:00:00',
  `published` tinyint(1) NOT NULL DEFAULT '0',
  `access` int(11) NOT NULL DEFAULT '0',
  `lag` int(11) NOT NULL DEFAULT '0',
  PRIMARY KEY (`id`)
) ENGINE=MyISAM DEFAULT CHARSET=utf8 AUTO_INCREMENT=1 ;

-- --------------------------------------------------------

--
-- Structure de la table `jos_poll_data`
--

CREATE TABLE IF NOT EXISTS `jos_poll_data` (
  `id` int(11) NOT NULL AUTO_INCREMENT,
  `pollid` int(11) NOT NULL DEFAULT '0',
  `text` text NOT NULL,
  `hits` int(11) NOT NULL DEFAULT '0',
  PRIMARY KEY (`id`),
  KEY `pollid` (`pollid`,`text`(1))
) ENGINE=MyISAM DEFAULT CHARSET=utf8 AUTO_INCREMENT=1 ;

-- --------------------------------------------------------

--
-- Structure de la table `jos_poll_date`
--

CREATE TABLE IF NOT EXISTS `jos_poll_date` (
  `id` bigint(20) NOT NULL AUTO_INCREMENT,
  `date` datetime NOT NULL DEFAULT '0000-00-00 00:00:00',
  `vote_id` int(11) NOT NULL DEFAULT '0',
  `poll_id` int(11) NOT NULL DEFAULT '0',
  PRIMARY KEY (`id`),
  KEY `poll_id` (`poll_id`)
) ENGINE=MyISAM DEFAULT CHARSET=utf8 AUTO_INCREMENT=1 ;

-- --------------------------------------------------------

--
-- Structure de la table `jos_poll_menu`
--

CREATE TABLE IF NOT EXISTS `jos_poll_menu` (
  `pollid` int(11) NOT NULL DEFAULT '0',
  `menuid` int(11) NOT NULL DEFAULT '0',
  PRIMARY KEY (`pollid`,`menuid`)
) ENGINE=MyISAM DEFAULT CHARSET=utf8;

-- --------------------------------------------------------

--
-- Structure de la table `jos_sections`
--

CREATE TABLE IF NOT EXISTS `jos_sections` (
  `id` int(11) NOT NULL AUTO_INCREMENT,
  `title` varchar(255) NOT NULL DEFAULT '',
  `name` varchar(255) NOT NULL DEFAULT '',
  `alias` varchar(255) NOT NULL DEFAULT '',
  `image` text NOT NULL,
  `scope` varchar(50) NOT NULL DEFAULT '',
  `image_position` varchar(30) NOT NULL DEFAULT '',
  `description` text NOT NULL,
  `published` tinyint(1) NOT NULL DEFAULT '0',
  `checked_out` int(11) unsigned NOT NULL DEFAULT '0',
  `checked_out_time` datetime NOT NULL DEFAULT '0000-00-00 00:00:00',
  `ordering` int(11) NOT NULL DEFAULT '0',
  `access` tinyint(3) unsigned NOT NULL DEFAULT '0',
  `count` int(11) NOT NULL DEFAULT '0',
  `params` text NOT NULL,
  PRIMARY KEY (`id`),
  KEY `idx_scope` (`scope`)
) ENGINE=MyISAM  DEFAULT CHARSET=utf8 AUTO_INCREMENT=2 ;

--
-- Contenu de la table `jos_sections`
--

INSERT INTO `jos_sections` (`id`, `title`, `name`, `alias`, `image`, `scope`, `image_position`, `description`, `published`, `checked_out`, `checked_out_time`, `ordering`, `access`, `count`, `params`) VALUES
(1, 'news', '', 'news', '', 'content', 'left', '', 1, 0, '0000-00-00 00:00:00', 1, 0, 3, '');

-- --------------------------------------------------------

--
-- Structure de la table `jos_session`
--

CREATE TABLE IF NOT EXISTS `jos_session` (
  `username` varchar(150) DEFAULT '',
  `time` varchar(14) DEFAULT '',
  `session_id` varchar(200) NOT NULL DEFAULT '0',
  `guest` tinyint(4) DEFAULT '1',
  `userid` int(11) DEFAULT '0',
  `usertype` varchar(50) DEFAULT '',
  `gid` tinyint(3) unsigned NOT NULL DEFAULT '0',
  `client_id` tinyint(3) unsigned NOT NULL DEFAULT '0',
  `data` longtext,
  PRIMARY KEY (`session_id`(64)),
  KEY `whosonline` (`guest`,`usertype`),
  KEY `userid` (`userid`),
  KEY `time` (`time`)
) ENGINE=MyISAM DEFAULT CHARSET=utf8;

--
-- Contenu de la table `jos_session`
--

INSERT INTO `jos_session` (`username`, `time`, `session_id`, `guest`, `userid`, `usertype`, `gid`, `client_id`, `data`) VALUES
('', '1328812652', '743c83644db8f59c15afb4814ae3c949', 1, 0, '', 0, 0, NULL),
('admin', '1328812661', 'aeuossphsou98fvjopd0i5ut12', 0, 62, 'Super Administrator', 25, 0, '__default|a:7:{s:22:"session.client.browser";s:67:"Mozilla/5.0 (Windows NT 6.1; rv:9.0.1) Gecko/20100101 Firefox/9.0.1";s:15:"session.counter";i:4;s:8:"registry";O:9:"JRegistry":3:{s:17:"_defaultNameSpace";s:7:"session";s:9:"_registry";a:1:{s:7:"session";a:1:{s:4:"data";O:8:"stdClass":0:{}}}s:7:"_errors";a:0:{}}s:4:"user";O:5:"JUser":19:{s:2:"id";s:2:"62";s:4:"name";s:13:"Administrator";s:8:"username";s:5:"admin";s:5:"email";s:31:"abderrahim.aitwakrime@gmail.com";s:8:"password";s:65:"1922cecbfb2bb51ead610560c749bd19:n5mI8LpTO4bnrYg7E4jVuWfYpHeAvSEA";s:14:"password_clear";s:0:"";s:8:"usertype";s:19:"Super Administrator";s:5:"block";s:1:"0";s:9:"sendEmail";s:1:"1";s:3:"gid";s:2:"25";s:12:"registerDate";s:19:"2011-11-20 20:31:01";s:13:"lastvisitDate";s:19:"2012-02-08 21:59:31";s:10:"activation";s:45:"fa9a40453a1685e056977053d61d0d5b:$1$c1f8177d$";s:6:"params";s:56:"admin_language=\nlanguage=\neditor=\nhelpsite=\ntimezone=0\n\n";s:3:"aid";i:2;s:5:"guest";i:0;s:7:"_params";O:10:"JParameter":7:{s:4:"_raw";s:0:"";s:4:"_xml";N;s:9:"_elements";a:0:{}s:12:"_elementPath";a:1:{i:0;s:60:"C:\\wamp\\www\\TrackIot\\libraries\\joomla\\html\\parameter\\element";}s:17:"_defaultNameSpace";s:8:"_default";s:9:"_registry";a:1:{s:8:"_default";a:1:{s:4:"data";O:8:"stdClass":5:{s:14:"admin_language";s:0:"";s:8:"language";s:0:"";s:6:"editor";s:0:"";s:8:"helpsite";s:0:"";s:8:"timezone";s:1:"0";}}}s:7:"_errors";a:0:{}}s:9:"_errorMsg";N;s:7:"_errors";a:0:{}}s:19:"session.timer.start";i:1328812655;s:18:"session.timer.last";i:1328812658;s:17:"session.timer.now";i:1328812661;}');

-- --------------------------------------------------------

--
-- Structure de la table `jos_stats_agents`
--

CREATE TABLE IF NOT EXISTS `jos_stats_agents` (
  `agent` varchar(255) NOT NULL DEFAULT '',
  `type` tinyint(1) unsigned NOT NULL DEFAULT '0',
  `hits` int(11) unsigned NOT NULL DEFAULT '1'
) ENGINE=MyISAM DEFAULT CHARSET=utf8;

-- --------------------------------------------------------

--
-- Structure de la table `jos_templates_menu`
--

CREATE TABLE IF NOT EXISTS `jos_templates_menu` (
  `template` varchar(255) NOT NULL DEFAULT '',
  `menuid` int(11) NOT NULL DEFAULT '0',
  `client_id` tinyint(4) NOT NULL DEFAULT '0',
  PRIMARY KEY (`menuid`,`client_id`,`template`)
) ENGINE=MyISAM DEFAULT CHARSET=utf8;

--
-- Contenu de la table `jos_templates_menu`
--

INSERT INTO `jos_templates_menu` (`template`, `menuid`, `client_id`) VALUES
('yoo_cloud', 0, 0),
('khepri', 0, 1);

-- --------------------------------------------------------

--
-- Structure de la table `jos_users`
--

CREATE TABLE IF NOT EXISTS `jos_users` (
  `id` int(11) NOT NULL AUTO_INCREMENT,
  `name` varchar(255) NOT NULL DEFAULT '',
  `username` varchar(150) NOT NULL DEFAULT '',
  `email` varchar(100) NOT NULL DEFAULT '',
  `password` varchar(100) NOT NULL DEFAULT '',
  `usertype` varchar(25) NOT NULL DEFAULT '',
  `block` tinyint(4) NOT NULL DEFAULT '0',
  `sendEmail` tinyint(4) DEFAULT '0',
  `gid` tinyint(3) unsigned NOT NULL DEFAULT '1',
  `registerDate` datetime NOT NULL DEFAULT '0000-00-00 00:00:00',
  `lastvisitDate` datetime NOT NULL DEFAULT '0000-00-00 00:00:00',
  `activation` varchar(100) NOT NULL DEFAULT '',
  `params` text NOT NULL,
  PRIMARY KEY (`id`),
  KEY `usertype` (`usertype`),
  KEY `idx_name` (`name`),
  KEY `gid_block` (`gid`,`block`),
  KEY `username` (`username`),
  KEY `email` (`email`)
) ENGINE=MyISAM  DEFAULT CHARSET=utf8 AUTO_INCREMENT=78 ;

--
-- Contenu de la table `jos_users`
--

INSERT INTO `jos_users` (`id`, `name`, `username`, `email`, `password`, `usertype`, `block`, `sendEmail`, `gid`, `registerDate`, `lastvisitDate`, `activation`, `params`) VALUES
(62, 'Administrator', 'admin', 'abderrahim.aitwakrime@gmail.com', '1922cecbfb2bb51ead610560c749bd19:n5mI8LpTO4bnrYg7E4jVuWfYpHeAvSEA', 'Super Administrator', 0, 1, 25, '2011-11-20 20:31:01', '2012-02-09 18:37:33', 'fa9a40453a1685e056977053d61d0d5b:$1$c1f8177d$', 'admin_language=\nlanguage=\neditor=\nhelpsite=\ntimezone=0\n\n'),
(77, 'abderrahim', 'abdel', 'abdel@abdel.fr', '1edc53a0d0b59a1724d677138ed97440:INC1UfXWjlr1tgd5ofKl9reSe4wgWtWW', 'Registered', 0, 0, 18, '2012-02-04 14:26:57', '2012-02-04 14:27:40', '', '\n');

-- --------------------------------------------------------

--
-- Structure de la table `jos_weblinks`
--

CREATE TABLE IF NOT EXISTS `jos_weblinks` (
  `id` int(11) unsigned NOT NULL AUTO_INCREMENT,
  `catid` int(11) NOT NULL DEFAULT '0',
  `sid` int(11) NOT NULL DEFAULT '0',
  `title` varchar(250) NOT NULL DEFAULT '',
  `alias` varchar(255) NOT NULL DEFAULT '',
  `url` varchar(250) NOT NULL DEFAULT '',
  `description` text NOT NULL,
  `date` datetime NOT NULL DEFAULT '0000-00-00 00:00:00',
  `hits` int(11) NOT NULL DEFAULT '0',
  `published` tinyint(1) NOT NULL DEFAULT '0',
  `checked_out` int(11) NOT NULL DEFAULT '0',
  `checked_out_time` datetime NOT NULL DEFAULT '0000-00-00 00:00:00',
  `ordering` int(11) NOT NULL DEFAULT '0',
  `archived` tinyint(1) NOT NULL DEFAULT '0',
  `approved` tinyint(1) NOT NULL DEFAULT '1',
  `params` text NOT NULL,
  PRIMARY KEY (`id`),
  KEY `catid` (`catid`,`published`,`archived`)
) ENGINE=MyISAM DEFAULT CHARSET=utf8 AUTO_INCREMENT=1 ;

-- --------------------------------------------------------

--
-- Structure de la table `jos_wf_profiles`
--

CREATE TABLE IF NOT EXISTS `jos_wf_profiles` (
  `id` int(11) NOT NULL AUTO_INCREMENT,
  `name` varchar(255) NOT NULL,
  `description` varchar(255) NOT NULL,
  `users` text NOT NULL,
  `types` varchar(255) NOT NULL,
  `components` text NOT NULL,
  `area` tinyint(3) NOT NULL,
  `rows` text NOT NULL,
  `plugins` text NOT NULL,
  `published` tinyint(3) NOT NULL,
  `ordering` int(11) NOT NULL,
  `checked_out` tinyint(3) NOT NULL,
  `checked_out_time` datetime NOT NULL,
  `params` text NOT NULL,
  PRIMARY KEY (`id`)
) ENGINE=InnoDB  DEFAULT CHARSET=latin1 AUTO_INCREMENT=3 ;

--
-- Contenu de la table `jos_wf_profiles`
--

INSERT INTO `jos_wf_profiles` (`id`, `name`, `description`, `users`, `types`, `components`, `area`, `rows`, `plugins`, `published`, `ordering`, `checked_out`, `checked_out_time`, `params`) VALUES
(1, 'Default', 'Default Profile for all users', '', '19,20,21,23,24,25', '', 0, 'help,newdocument,undo,redo,spacer,bold,italic,underline,strikethrough,justifyfull,justifycenter,justifyleft,justifyright,spacer,blockquote,formatselect,styleselect,removeformat,cleanup;fontselect,fontsizeselect,forecolor,backcolor,spacer,paste,indent,outdent,numlist,bullist,sub,sup,textcase,charmap,hr;directionality,fullscreen,preview,source,print,searchreplace,spacer,table;visualaid,visualchars,nonbreaking,style,xhtmlxtras,anchor,unlink,link,imgmanager,spellchecker,article', 'contextmenu,browser,inlinepopups,media,help,paste,searchreplace,directionality,fullscreen,preview,source,table,textcase,print,style,nonbreaking,visualchars,xhtmlxtras,imgmanager,link,spellchecker,article', 1, 1, 0, '0000-00-00 00:00:00', ''),
(2, 'Front End', 'Sample Front-end Profile', '', '19,20,21', '', 1, 'help,newdocument,undo,redo,spacer,bold,italic,underline,strikethrough,justifyfull,justifycenter,justifyleft,justifyright,spacer,formatselect,styleselect;paste,searchreplace,indent,outdent,numlist,bullist,cleanup,charmap,removeformat,hr,sub,sup,textcase,nonbreaking,visualchars;fullscreen,preview,print,visualaid,style,xhtmlxtras,anchor,unlink,link,imgmanager,spellchecker,article', 'contextmenu,inlinepopups,help,paste,searchreplace,fullscreen,preview,print,style,textcase,nonbreaking,visualchars,xhtmlxtras,imgmanager,link,spellchecker,article', 0, 2, 0, '0000-00-00 00:00:00', '');

/*!40101 SET CHARACTER_SET_CLIENT=@OLD_CHARACTER_SET_CLIENT */;
/*!40101 SET CHARACTER_SET_RESULTS=@OLD_CHARACTER_SET_RESULTS */;
/*!40101 SET COLLATION_CONNECTION=@OLD_COLLATION_CONNECTION */;
